Population,Article_link,StudyID,ANCESTRY
Aboriginal Australian,AUA9,AUA9,Australian_Aboriginal
Aboriginal Australian,AUA9,AUA9,Australian_Aboriginal
Aboriginal Australian,AUA9,AUA9,Australian_Aboriginal
Aboriginal Australian,AUA9,AUA9,Australian_Aboriginal
Abuja,,ABU1,West_African
Aita,,SOL1-C,Negrito
Aita,,SOL1-C,Negrito
Alaska Eskimos,,ESK1,Circumpolar
Alaska Eskimos,,ESK1,Circumpolar
Alaska Eskimos,,ESK1,Circumpolar
Alaska Eskimos,,ESK1,Circumpolar
Alaskan Native,ALA1-B,ALA1,Circumpolar
Alaskan Native,ALA1-A,ALA1,Circumpolar
"American Indians (""""normal"""")",AIN1,AIN1-A,American_Indian
American Indians (with Macroalbuminuria),AIN1,AIN1-C,American_Indian
American Indians (with Microalbuminuria),AIN1,AIN1-B,American_Indian
American Indians in Arizona,AIN3,AIN3-A,American_Indian
American Indians in Arizona,AIN3,AIN3-A,American_Indian
American Indians in Arizona,AIN3,AIN3-A,American_Indian
American Indians in Arizona,AIN3,AIN3-A,American_Indian
American Indians in North/South Dakota,AIN3,AIN3-C,American_Indian
American Indians in North/South Dakota,AIN3,AIN3-C,American_Indian
American Indians in North/South Dakota,AIN3,AIN3-C,American_Indian
American Indians in North/South Dakota,AIN3,AIN3-C,American_Indian
American Indians in Oklahoma,AIN3,AIN3-B,American_Indian
American Indians in Oklahoma,AIN3,AIN3-B,American_Indian
American Indians in Oklahoma,AIN3,AIN3-B,American_Indian
American Indians in Oklahoma,AIN3,AIN3-B,American_Indian
Amondava,AMO1,AMO1,SA_Indegenous
Arizona American Indians,AIN4,AIN4-A,American_Indian
Arizona American Indians,AIN4,AIN4-A,American_Indian
Arizona American Indians,AIN4,AIN4-A,American_Indian
Arizona American Indians,AIN4,AIN4-A,American_Indian
Asian,NA,NA,other
Atacameños,CHIL2-B,CHIL2-B,SA_Indegenous
Atacameños,CHIL2-B,CHIL2-B,SA_Indegenous
Australia,NA,NA,other
Australia Aboriginals_Female,AUSa,AUSa,Australian_Aboriginal
Australia Aboriginals_Male,AUSa,AUSa,Australian_Aboriginal
Australia ANHF study,AUSG,AUSG,other
Australia TSI Women_Female,TSI1,TSI1,Australian_Aboriginal
Australia TSI Women_Male,TSI1,TSI1,Australian_Aboriginal
Australian Aborigines,AUA4,AUA4,Australian_Aboriginal
Australian Aborigines,AUA4,AUA4,Australian_Aboriginal
Australian Aborigines,AUA4,AUA4,Australian_Aboriginal
Australian Aborigines,AUA4,AUA4,Australian_Aboriginal
Australian Aborigines,AUA4,AUA4,Australian_Aboriginal
Australian Aborigines,AUA4,AUA4,Australian_Aboriginal
Australian Aborigines,AUA4,AUA4,Australian_Aboriginal
Australian Aborigines,AUA4,AUA4,Australian_Aboriginal
Australian Aborigines,AUA4,AUA4,Australian_Aboriginal
Australian Aborigines,AUA4,AUA4,Australian_Aboriginal
Australian Aborigines,AUA4,AUA4,Australian_Aboriginal
Australian Aborigines,AUA4,AUA4,Australian_Aboriginal
Australian Aborigines,AUA4,AUA4,Australian_Aboriginal
Australian Aborigines,AUA4,AUA4,Australian_Aboriginal
Australian Aborigines,AUA4,AUA4,Australian_Aboriginal
Australian Aborigines,AUA4,AUA4,Australian_Aboriginal
Australian Aborigines,AUA2,AUA2,Australian_Aboriginal
Australian Aborigines,AUA7,AUA7-A,Australian_Aboriginal
Australian Aborigines,AUA7,AUA7-A,Australian_Aboriginal
Australian Aborigines,AUA7,AUA7-B,Australian_Aboriginal
Australian Aborigines,AUA7,AUA7-B,Australian_Aboriginal
Australian Aborigines,AUA2,AUA2,Australian_Aboriginal
Australian Aborinigals,AUA8,AUA8-B,Australian_Aboriginal
Australian Aborinigals,AUA8,AUA8-B,Australian_Aboriginal
Australian Aborinigals,AUA8,AUA8-A,Australian_Aboriginal
Australian Aborinigals,AUA8,AUA8-B,Australian_Aboriginal
Australian Aborinigals,AUA8,AUA8-A,Australian_Aboriginal
Australian Aborinigals,AUA8,AUA8-B,Australian_Aboriginal
Australian Aborinigals,AUA8,AUA8-B,Australian_Aboriginal
Australian Aborinigals,AUA8,AUA8-A,Australian_Aboriginal
Australian Aborinigals,AUA8,AUA8-B,Australian_Aboriginal
Australian Aborinigals,AUA8,AUA8-A,Australian_Aboriginal
Australian Aborinigals,AUA8,AUA8-A,Australian_Aboriginal
Australian Aborinigals,AUA8,AUA8-A,Australian_Aboriginal
Australians,AUS4,AUS4-B,Australians
Australians,AUS4,AUS4-A,Australians
Baegu,,SOL1-F,Austronesian
Baegu,,SOL1-F,Austronesian
Bangladeshi,BGD1,BGD1,Bangladeshi
Bangladeshi,BGD1,BGD1,Bangladeshi
Bantu,,TAN1,Bantu
Bantu,,TAN1,Bantu
Bantu,BAN3,BAN3,Bantu
Bantu,,BAN5,Bantu
Bantu,,BAN5,Bantu
Bantu,,BAN5,Bantu
Bantu,,BAN5,Bantu
Bantu,,BAN5,Bantu
Bantu hospital workers,BAN1,BAN1,Bantu
Bantu medical students,BAN1,BAN1,Bantu
Bantu migrant workers,BAN1,BAN1,Bantu
Bidayuh,MALA9,MALA9-A,Austronesian
Bidayuh,MALA9,MALA9-A,Austronesian
Bidayuh,MALA9,MALA9-A,Austronesian
Bidayuh,MALA9,MALA9-A,Austronesian
Black,NAB,NAB,AFRICAN
Botswana Urban men,BOT1,BOT1,South_African
Botswana Urban women,BOT1,BOT1,South_African
Brazil_NHS,nhs,nhs,other
Brazil_NHS_Female,nhsa,nhsa,other
Brazil_NHS_Male,nhsa,nhsa,other
Buryat,SIB1,BUR2,Mongolic
Buryat,SIB1,BUR2,Mongolic
Buryat,SIB1,BUR2,Mongolic
Buryat,SIB1,BUR2,Mongolic
Canada: Chinese,NA,NA,other
Canada: Europeans,NA,NA,other
Canada: South Asians,NA,NA,other
Canadian Inuits,NA,INU15,Circumpolar
Canadian Inuits,NA,INU15,Circumpolar
Chile,NA,NA,other
Chile,NA,NA,other
Chile,NA,NA,other
Chimbu Natives,,CHIM1,Ocenian
Chimbu Natives,,CHIM1,Ocenian
Chimbu Natives,,CHIM1,Ocenian
Chimbu Natives,,CHIM1,Ocenian
Chimbu Natives,,CHIM1,Ocenian
Chimbu Natives,,CHIM1,Ocenian
Chimbu Natives,,CHIM1,Ocenian
Chimbu Natives,,CHIM1,Ocenian
Chimbu Natives,,CHIM1,Ocenian
China Guangzhou Occupational,CGO,CGO,Chinese
China Overall,CHNBE,CHNBE,Chinese
China_Men,CHNB2,CHNB2,Chinese
China_Women,CHNB3,CHNB3,Chinese
Chinese,CHN19,CHN19-C,Chinese
Chinese,CHN19,CHN19-C,Chinese
Chinese,CHN19,CHN19-C,Chinese
Chinese,CHN19,CHN19-C,Chinese
Chinese,CHN19,CHN19-A,Chinese
Chinese,CHN19,CHN19-A,Chinese
Chinese,CHN19,CHN19-B,Chinese
Chinese,CHN19,CHN19-B,Chinese
Chinese,CHN19,CHN19-B,Chinese
Chinese,CHN19,CHN19-B,Chinese
Chinese,CHN19,CHN19-A,Chinese
Chinese,CHN19,CHN19-A,Chinese
Chinese,CHN2,CHN2,Chinese
Chinese,CHN2,CHN2,Chinese
Chinese,,CHN14,Chinese
Chinese,,CHN14,Chinese
Chinese,CHN10,CHN10,Chinese
Chinese,,CHN14,Chinese
Chinese,,CHN14,Chinese
Chinese,CHN2,CHN2,Chinese
Chinese,CHN2,CHN2,Chinese
Chinese,CHN9,CHN9,Chinese
Chinese,CHN9,CHN9,Chinese
Chinese,CHN9,CHN9,Chinese
Chinese,CHN9,CHN9,Chinese
Chinese,CHN9,CHN9,Chinese
Chinese,CHN9,CHN9,Chinese
Chinese,CHN9,CHN9,Chinese
Chinese,CHN9,CHN9,Chinese
Chinese,CHN9,CHN9,Chinese
Chinese,CHN9,CHN9,Chinese
Chinese,CHN9,CHN9,Chinese
Chinese,CHN9,CHN9,Chinese
Chinese,CHN9,CHN9,Chinese
Chinese,CHN9,CHN9,Chinese
Chinese,CHN9,CHN9,Chinese
Chinese,CHN9,CHN9,Chinese
Chinese,CHN9,CHN9,Chinese
Chinese,CHN9,CHN9,Chinese
Chinese,CHN9,CHN9,Chinese
Chinese,CHN9,CHN9,Chinese
Chinese,CHN9,CHN9,Chinese
Chinese,CHN9,CHN9,Chinese
Chinese,CHN9,CHN9,Chinese
Chinese,CHN9,CHN9,Chinese
Chinese,CHN9,CHN9,Chinese
Chinese,CHN9,CHN9,Chinese
Chinese,CHN9,CHN9,Chinese
Chinese,CHN9,CHN9,Chinese
Chinese,CHN9,CHN9,Chinese
Chinese,CHN9,CHN9,Chinese
Chinese,CHN9,CHN9,Chinese
Chinese,CHN9,CHN9,Chinese
Chinese,CHN9,CHN9,Chinese
Chinese,CHN9,CHN9,Chinese
Chinese,CHN9,CHN9,Chinese
Chinese,CHN9,CHN9,Chinese
Chinese,CHN11,CHN11,Chinese
Chinese,CHN11,CHN11,Chinese
Chinese,CHN11,CHN11,Chinese
Chinese,CHN11,CHN11,Chinese
Chukchi,SIB1,CHU1,Chinese
Chukchi,SIB1,CHU1,Siberian
Chukchi,SIB1,CHU1,Siberian
Chukchi,SIB1,CHU1,Siberian
Colombia,COL,COL,other
Congo Pygmies,,PCON1,Congo_Pygmies
Congo Pygmies,,PCON1,Congo_Pygmies
Congo Pygmies,,PCON1,Congo_Pygmies
Congo Pygmies,,PCON1,Congo_Pygmies
Congo Pygmies,,PCON1,Congo_Pygmies
Congo Pygmies,,PCON1,Congo_Pygmies
Congo Pygmies,,PCON1,Congo_Pygmies
Congo Pygmies,,PCON1,Congo_Pygmies
Congo Pygmies,,PCON1,Congo_Pygmies
Congo Pygmies,,PCON1,Congo_Pygmies
Congo Pygmies,,PCON1,Congo_Pygmies
Congo Pygmies,,PCON1,Congo_Pygmies
Congo Pygmies,,PCON1,Congo_Pygmies
Congo Pygmies,,PCON1,Congo_Pygmies
Congo Pygmies,,PCON1,Congo_Pygmies
Congo Pygmies,,PCON1,Congo_Pygmies
Congo Pygmies,,PCON1,Congo_Pygmies
Congo Pygmies,,PCON1,Congo_Pygmies
Congo Pygmies,,PCON1,Congo_Pygmies
Congo Pygmies,,PCON1,Congo_Pygmies
Congo Pygmies,,PCON1,Congo_Pygmies
Congo Pygmies,,PCON1,Congo_Pygmies
Congo Pygmies,,PCON1,Congo_Pygmies
Congo Pygmies,,PCON1,Congo_Pygmies
Congo Pygmies,,PCON1,Congo_Pygmies
Congo Pygmies,,PCON1,Congo_Pygmies
Congo Pygmies,,PCON1,Congo_Pygmies
Congo Pygmies,,PCON1,Congo_Pygmies
Congo Pygmies,,PCON1,Congo_Pygmies
Congo Pygmies,,PCON1,Congo_Pygmies
Congo Pygmies,,PCON1,Congo_Pygmies
Congo Pygmies,,PCON1,Congo_Pygmies
Congo Pygmies,,PCON1,Congo_Pygmies
Congo Pygmies,,PCON1,Congo_Pygmies
Congo Pygmies,,PCON1,Congo_Pygmies
Congo Pygmies,,PCON1,Congo_Pygmies
Congo Pygmies,,PCON1,Congo_Pygmies
Congo Pygmies,,PCON1,Congo_Pygmies
Congo Pygmies,,PCON1,Congo_Pygmies
Congo Pygmies,,PCON1,Congo_Pygmies
Congo Pygmies,,PCON1,Congo_Pygmies
Congo Pygmies,,PCON1,Congo_Pygmies
Congo Pygmies,,PCON1,Congo_Pygmies
Congo Pygmies,,PCON1,Congo_Pygmies
Congo Pygmies,,PCON1,Congo_Pygmies
Congo Pygmies,,PCON1,Congo_Pygmies
Congo Pygmies,,PCON1,Congo_Pygmies
Congo Pygmies,,PCON1,Congo_Pygmies
Congo Pygmies,,PCON1,Congo_Pygmies
Congo Pygmies,,PCON1,Congo_Pygmies
Congo Pygmies,,PCON1,Congo_Pygmies
Congo Pygmies,,PCON1,Congo_Pygmies
Congo Pygmies,,PCON1,Congo_Pygmies
Congo Pygmies,,PCON1,Congo_Pygmies
Congo Pygmies,,PCON1,Congo_Pygmies
Congo Pygmies,,PCON1,Congo_Pygmies
Congo Pygmies,,PCON1,Congo_Pygmies
Congo Pygmies,,PCON1,Congo_Pygmies
Congo Pygmies,,PCON1,Congo_Pygmies
Congo Pygmies,,PCON1,Congo_Pygmies
Congo Pygmies,,PCON1,Congo_Pygmies
Congo Pygmies,,PCON1,Congo_Pygmies
Congo Pygmies,,PCON1,Congo_Pygmies
Congo Pygmies,,PCON1,Congo_Pygmies
Congo Pygmies,,PCON1,Congo_Pygmies
Congo Pygmies,,PCON1,Congo_Pygmies
Congo Pygmies,,PCON1,Congo_Pygmies
Congo Pygmies,,PCON1,Congo_Pygmies
Congo Pygmies,,PCON1,Congo_Pygmies
Congo Pygmies,,PCON1,Congo_Pygmies
Congo Pygmies,,PCON1,Congo_Pygmies
Congo Pygmies,,PCON1,Congo_Pygmies
Congo Pygmies,,PCON1,Congo_Pygmies
Congo Pygmies,,PCON1,Congo_Pygmies
Congo Pygmies,,PCON1,Congo_Pygmies
Congo Pygmies,,PCON1,Congo_Pygmies
Congo Pygmies,,PCON1,Congo_Pygmies
Congo Pygmies,,PCON1,Congo_Pygmies
Congo Pygmies,,PCON1,Congo_Pygmies
Congo Pygmies,,PCON1,Congo_Pygmies
Congo Pygmies,,PCON1,Congo_Pygmies
Congo Pygmies,,PCON1,Congo_Pygmies
Congo Pygmies,,PCON1,Congo_Pygmies
Congo Pygmies,,PCON1,Congo_Pygmies
Congo Pygmies,,PCON1,Congo_Pygmies
Congo Pygmies,,PCON1,Congo_Pygmies
Congo Pygmies,,PCON1,Congo_Pygmies
Congo Pygmies,,PCON1,Congo_Pygmies
Congo Pygmies,,PCON1,Congo_Pygmies
Congo Pygmies,,PCON1,Congo_Pygmies
Congo Pygmies,,PCON1,Congo_Pygmies
Congo Pygmies,,PCON1,Congo_Pygmies
Congo Pygmies,,PCON1,Congo_Pygmies
Congo Pygmies,,PCON1,Congo_Pygmies
Congo Pygmies,,PCON1,Congo_Pygmies
Congo Pygmies,,PCON1,Congo_Pygmies
Congo Pygmies,,PCON1,Congo_Pygmies
Congo Pygmies,,PCON1,Congo_Pygmies
Congo Pygmies,,PCON1,Congo_Pygmies
Congo Pygmies,,PCON1,Congo_Pygmies
Congo Pygmies,,PCON1,Congo_Pygmies
Congo Pygmies,,PCON1,Congo_Pygmies
Congo Pygmies,,PCON1,Congo_Pygmies
Congo Pygmies,,PCON1,Congo_Pygmies
Congo Pygmies,,PCON1,Congo_Pygmies
Congo Pygmies,,PCON1,Congo_Pygmies
Congo Pygmies,,PCON1,Congo_Pygmies
Congo Pygmies,,PCON1,Congo_Pygmies
Congo Pygmies,,PCON1,Congo_Pygmies
Congo Pygmies,,PCON1,Congo_Pygmies
Congo Pygmies,,PCON1,Congo_Pygmies
Congo Pygmies,,PCON1,Congo_Pygmies
Congo Pygmies,,PCON1,Congo_Pygmies
Congo Pygmies,,PCON1,Congo_Pygmies
Congo Pygmies,,PCON1,Congo_Pygmies
Congo Pygmies,,PCON1,Congo_Pygmies
Congo Pygmies,,PCON1,Congo_Pygmies
Congo Pygmies,,PCON1,Congo_Pygmies
Congo Pygmies,,PCON1,Congo_Pygmies
Congo Pygmies,,PCON1,Congo_Pygmies
Congo Pygmies,,PCON1,Congo_Pygmies
Congo Pygmies,,PCON1,Congo_Pygmies
Congo Pygmies,,PCON1,Congo_Pygmies
Congo Pygmies,,PCON1,Congo_Pygmies
Congo Pygmies,,PCON1,Congo_Pygmies
Congo Pygmies,,PCON1,Congo_Pygmies
Congo Pygmies,,PCON1,Congo_Pygmies
Congo Pygmies,,PCON1,Congo_Pygmies
Congo Pygmies,,PCON1,Congo_Pygmies
Congo Pygmies,,PCON1,Congo_Pygmies
Congo Pygmies,,PCON1,Congo_Pygmies
Congo Pygmies,,PCON1,Congo_Pygmies
Congo Pygmies,,PCON1,Congo_Pygmies
Congo Pygmies,,PCON1,Congo_Pygmies
Congo Pygmies,,PCON1,Congo_Pygmies
Congo Pygmies,,PCON1,Congo_Pygmies
Congo Pygmies,,PCON1,Congo_Pygmies
Congo Pygmies,,PCON1,Congo_Pygmies
Congo Pygmies,,PCON1,Congo_Pygmies
Congo Pygmies,,PCON1,Congo_Pygmies
Congo Pygmies,,PCON1,Congo_Pygmies
Congo Pygmies,,PCON1,Congo_Pygmies
Congo Pygmies,,PCON1,Congo_Pygmies
Congo Pygmies,,PCON1,Congo_Pygmies
Congo Pygmies,,PCON1,Congo_Pygmies
Congo Pygmies,,PCON1,Congo_Pygmies
Congo Pygmies,,PCON1,Congo_Pygmies
Congo Pygmies,,PCON1,Congo_Pygmies
Congo Pygmies,,PCON1,Congo_Pygmies
Congo Pygmies,,PCON1,Congo_Pygmies
Congo Pygmies,,PCON1,Congo_Pygmies
Congo Pygmies,,PCON1,Congo_Pygmies
Congo Pygmies,,PCON1,Congo_Pygmies
Congo Pygmies,,PCON1,Congo_Pygmies
Congo Pygmies,,PCON1,Congo_Pygmies
Congo Pygmies,,PCON1,Congo_Pygmies
Congo Pygmies,,PCON1,Congo_Pygmies
Congo Pygmies,,PCON1,Congo_Pygmies
Congo Pygmies,,PCON1,Congo_Pygmies
Congo Pygmies,,PCON1,Congo_Pygmies
Congo Pygmies,,PCON1,Congo_Pygmies
Congo Pygmies,,PCON1,Congo_Pygmies
Congo Pygmies,,PCON1,Congo_Pygmies
Congo Pygmies,,PCON1,Congo_Pygmies
Congo Pygmies,,PCON1,Congo_Pygmies
Congo Pygmies,,PCON1,Congo_Pygmies
Congo Pygmies,,PCON1,Congo_Pygmies
Congo Pygmies,,PCON1,Congo_Pygmies
Congo Pygmies,,PCON1,Congo_Pygmies
Congo Pygmies,,PCON1,Congo_Pygmies
Congo Pygmies,,PCON1,Congo_Pygmies
Congo Pygmies,,PCON1,Congo_Pygmies
Congo Pygmies,,PCON1,Congo_Pygmies
Congo Pygmies,,PCON1,Congo_Pygmies
Congo Pygmies,,PCON1,Congo_Pygmies
Congo Pygmies,,PCON1,Congo_Pygmies
Congo Pygmies,,PCON1,Congo_Pygmies
Congo Pygmies,,PCON1,Congo_Pygmies
Congo Pygmies,,PCON1,Congo_Pygmies
Congo Pygmies,,PCON1,Congo_Pygmies
Congo Pygmies,,PCON1,Congo_Pygmies
Congo Pygmies,,PCON1,Congo_Pygmies
Congo Pygmies,,PCON1,Congo_Pygmies
Congo Pygmies,,PCON1,Congo_Pygmies
Congo Pygmies,,PCON1,Congo_Pygmies
Congo Pygmies,,PCON1,Congo_Pygmies
Congo Pygmies,,PCON1,Congo_Pygmies
Congo Pygmies,,PCON1,Congo_Pygmies
Congo Pygmies,,PCON1,Congo_Pygmies
Congo Pygmies,,PCON1,Congo_Pygmies
Congo Pygmies,,PCON1,Congo_Pygmies
Congo Pygmies,,PCON1,Congo_Pygmies
Congo Pygmies,,PCON1,Congo_Pygmies
Congo Pygmies,,PCON1,Congo_Pygmies
Congo Pygmies,,PCON1,Congo_Pygmies
Congo Pygmies,,PCON1,Congo_Pygmies
Congo Pygmies,,PCON1,Congo_Pygmies
Congo Pygmies,,PCON1,Congo_Pygmies
Congo Pygmies,,PCON1,Congo_Pygmies
Congo Pygmies,,PCON1,Congo_Pygmies
Congo Pygmies,,PCON1,Congo_Pygmies
Congo Pygmies,,PCON1,Congo_Pygmies
Congo Pygmies,,PCON1,Congo_Pygmies
Congo Pygmies,,PCON1,Congo_Pygmies
Congo Pygmies,,PCON1,Congo_Pygmies
Congo Pygmies,,PCON1,Congo_Pygmies
Congo Pygmies,,PCON1,Congo_Pygmies
Congo Pygmies,,PCON1,Congo_Pygmies
Congo Pygmies,,PCON1,Congo_Pygmies
Congo Pygmies,,PCON1,Congo_Pygmies
Congo Pygmies,,PCON1,Congo_Pygmies
Congo Pygmies,,PCON1,Congo_Pygmies
Congo Pygmies,,PCON1,Congo_Pygmies
Congo Pygmies,,PCON1,Congo_Pygmies
Congo Pygmies,,PCON1,Congo_Pygmies
Congo Pygmies,,PCON1,Congo_Pygmies
Congo Pygmies,,PCON1,Congo_Pygmies
Congo Pygmies,,PCON1,Congo_Pygmies
Congo Pygmies,,PCON1,Congo_Pygmies
Congo Pygmies,,PCON1,Congo_Pygmies
Congo Pygmies,,PCON1,Congo_Pygmies
Congo Pygmies,,PCON1,Congo_Pygmies
Congo Pygmies,,PCON1,Congo_Pygmies
Congo Pygmies,,PCON1,Congo_Pygmies
Congo Pygmies,,PCON1,Congo_Pygmies
Congo Pygmies,,PCON1,Congo_Pygmies
Congo Pygmies,,PCON1,Congo_Pygmies
Congo Pygmies,,PCON1,Congo_Pygmies
Congo Pygmies,,PCON1,Congo_Pygmies
Congo Pygmies,,PCON1,Congo_Pygmies
Congo Pygmies,,PCON1,Congo_Pygmies
Congo Pygmies,,PCON1,Congo_Pygmies
Congo Pygmies,,PCON1,Congo_Pygmies
Congo Pygmies,,PCON1,Congo_Pygmies
Congo Pygmies,,PCON1,Congo_Pygmies
Congo Pygmies,,PCON1,Congo_Pygmies
Congo Pygmies,,PCON1,Congo_Pygmies
Congo Pygmies,,PCON1,Congo_Pygmies
Congo Pygmies,,PCON1,Congo_Pygmies
Congo Pygmies,,PCON1,Congo_Pygmies
Congo Pygmies,,PCON1,Congo_Pygmies
Congo Pygmies,,PCON1,Congo_Pygmies
Congo Pygmies,,PCON1,Congo_Pygmies
Congo Pygmies,,PCON1,Congo_Pygmies
Congo Pygmies,,PCON1,Congo_Pygmies
Congo Pygmies,,PCON1,Congo_Pygmies
Congo Pygmies,,PCON1,Congo_Pygmies
Congo Pygmies,,PCON1,Congo_Pygmies
Congo Pygmies,,PCON1,Congo_Pygmies
Congo Pygmies,,PCON1,Congo_Pygmies
Congo Pygmies,,PCON1,Congo_Pygmies
Congo Pygmies,,PCON1,Congo_Pygmies
Congo Pygmies,,PCON1,Congo_Pygmies
Congo Pygmies,,PCON1,Congo_Pygmies
Congo Pygmies,,PCON1,Congo_Pygmies
Congo Pygmies,,PCON1,Congo_Pygmies
Congo Pygmies,,PCON1,Congo_Pygmies
Congo Pygmies,,PCON1,Congo_Pygmies
Congo Pygmies,,PCON1,Congo_Pygmies
Congo Pygmies,,PCON1,Congo_Pygmies
Congo Pygmies,,PCON1,Congo_Pygmies
Congo Pygmies,,PCON1,Congo_Pygmies
Congo Pygmies,,PCON1,Congo_Pygmies
Congo Pygmies,,PCON1,Congo_Pygmies
Congo Pygmies,,PCON1,Congo_Pygmies
Congo Pygmies,,PCON1,Congo_Pygmies
Congo Pygmies,,PCON1,Congo_Pygmies
Congo Pygmies,,PCON1,Congo_Pygmies
Congo Pygmies,,PCON1,Congo_Pygmies
Congo Pygmies,,PCON1,Congo_Pygmies
Congo Pygmies,,PCON1,Congo_Pygmies
Congo Pygmies,,PCON1,Congo_Pygmies
Congo Pygmies,,PCON1,Congo_Pygmies
Congo Pygmies,,PCON1,Congo_Pygmies
Congo Pygmies,,PCON1,Congo_Pygmies
Congo Pygmies,,PCON1,Congo_Pygmies
Congo Pygmies,,PCON1,Congo_Pygmies
Congo Pygmies,,PCON1,Congo_Pygmies
Congo Pygmies,,PCON1,Congo_Pygmies
Congo Pygmies,,PCON1,Congo_Pygmies
Congo Pygmies,,PCON1,Congo_Pygmies
Congo Pygmies,,PCON1,Congo_Pygmies
Congo Pygmies,,PCON1,Congo_Pygmies
Congo Pygmies,,PCON1,Congo_Pygmies
Congo Pygmies,,PCON1,Congo_Pygmies
Congo Pygmies,,PCON1,Congo_Pygmies
Congo Pygmies,,PCON1,Congo_Pygmies
Congo Pygmies,,PCON1,Congo_Pygmies
Congo Pygmies,,PCON1,Congo_Pygmies
Congo Pygmies,,PCON1,Congo_Pygmies
Congo Pygmies,,PCON1,Congo_Pygmies
Congo Pygmies,,PCON1,Congo_Pygmies
Congo Pygmies,,PCON1,Congo_Pygmies
Congo Pygmies,,PCON1,Congo_Pygmies
Congo Pygmies,,PCON1,Congo_Pygmies
Congo Pygmies,,PCON1,Congo_Pygmies
Congo Pygmies,,PCON1,Congo_Pygmies
Congo Pygmies,,PCON1,Congo_Pygmies
Congo Pygmies,,PCON1,Congo_Pygmies
Congo Pygmies,,PCON1,Congo_Pygmies
Congo Pygmies,,PCON1,Congo_Pygmies
Congo Pygmies,,PCON1,Congo_Pygmies
Congo Pygmies,,PCON1,Congo_Pygmies
Congo Pygmies,,PCON1,Congo_Pygmies
Congo Pygmies,,PCON1,Congo_Pygmies
Congo Pygmies,,PCON1,Congo_Pygmies
Congo Pygmies,,PCON1,Congo_Pygmies
Congo Pygmies,,PCON1,Congo_Pygmies
Congo Pygmies,,PCON1,Congo_Pygmies
Congo Pygmies,,PCON1,Congo_Pygmies
Congo Pygmies,,PCON1,Congo_Pygmies
Congo Pygmies,,PCON1,Congo_Pygmies
Congo Pygmies,,PCON1,Congo_Pygmies
Congo Pygmies,,PCON1,Congo_Pygmies
Congo Pygmies,,PCON1,Congo_Pygmies
Congo Pygmies,,PCON1,Congo_Pygmies
Congo Pygmies,,PCON1,Congo_Pygmies
Congo Pygmies,,PCON1,Congo_Pygmies
Congo Pygmies,,PCON1,Congo_Pygmies
Congo Pygmies,,PCON1,Congo_Pygmies
Congo Pygmies,,PCON1,Congo_Pygmies
Congo Pygmies,,PCON1,Congo_Pygmies
Congo Pygmies,,PCON1,Congo_Pygmies
Congo Pygmies,,PCON1,Congo_Pygmies
Congo Pygmies,,PCON1,Congo_Pygmies
Congo Pygmies,,PCON1,Congo_Pygmies
Congo Pygmies,,PCON1,Congo_Pygmies
Congo Pygmies,,PCON1,Congo_Pygmies
Congo Pygmies,,PCON1,Congo_Pygmies
Congo Pygmies,,PCON1,Congo_Pygmies
Congo Pygmies,,PCON1,Congo_Pygmies
Congo Pygmies,,PCON1,Congo_Pygmies
Congo Pygmies,,PCON1,Congo_Pygmies
Congo Pygmies,,PCON1,Congo_Pygmies
Congo Pygmies,,PCON1,Congo_Pygmies
Congo Pygmies,,PCON1,Congo_Pygmies
Congo Pygmies,,PCON1,Congo_Pygmies
Congo Pygmies,,PCON1,Congo_Pygmies
Congo Pygmies,,PCON1,Congo_Pygmies
Congo Pygmies,,PCON1,Congo_Pygmies
Congo Pygmies,,PCON1,Congo_Pygmies
Congo Pygmies,,PCON1,Congo_Pygmies
Congo Pygmies,,PCON1,Congo_Pygmies
Congo Pygmies,,PCON1,Congo_Pygmies
Congo Pygmies,,PCON1,Congo_Pygmies
Congo Pygmies,,PCON1,Congo_Pygmies
Congo Pygmies,,PCON1,Congo_Pygmies
Congo Pygmies,,PCON1,Congo_Pygmies
Congo Pygmies,,PCON1,Congo_Pygmies
Congo Pygmies,,PCON1,Congo_Pygmies
Congo Pygmies,,PCON1,Congo_Pygmies
Congo Pygmies,,PCON1,Congo_Pygmies
Congo Pygmies,,PCON1,Congo_Pygmies
Congo Pygmies,,PCON1,Congo_Pygmies
Congo Pygmies,,PCON1,Congo_Pygmies
Congo Pygmies,,PCON1,Congo_Pygmies
Congo Pygmies,,PCON1,Congo_Pygmies
Congo Pygmies,,PCON1,Congo_Pygmies
Congo Pygmies,,PCON1,Congo_Pygmies
Congo Pygmies,,PCON1,Congo_Pygmies
Congo Pygmies,,PCON1,Congo_Pygmies
Congo Pygmies,,PCON1,Congo_Pygmies
Congo Pygmies,,PCON1,Congo_Pygmies
Congo Pygmies,,PCON1,Congo_Pygmies
Congo Pygmies,,PCON1,Congo_Pygmies
Congo Pygmies,,PCON1,Congo_Pygmies
Congo Pygmies,,PCON1,Congo_Pygmies
Congo Pygmies,,PCON1,Congo_Pygmies
Congo Pygmies,,PCON1,Congo_Pygmies
Congo Pygmies,,PCON1,Congo_Pygmies
Congo Pygmies,,PCON1,Congo_Pygmies
Congo Pygmies,,PCON1,Congo_Pygmies
Congo Pygmies,,PCON1,Congo_Pygmies
Congo Pygmies,,PCON1,Congo_Pygmies
Congo Pygmies,,PCON1,Congo_Pygmies
Congo Pygmies,,PCON1,Congo_Pygmies
Congo Pygmies,,PCON1,Congo_Pygmies
Congo Pygmies,,PCON1,Congo_Pygmies
Congo Pygmies,,PCON1,Congo_Pygmies
Congo Pygmies,,PCON1,Congo_Pygmies
Congo Pygmies,,PCON1,Congo_Pygmies
Congo Pygmies,,PCON1,Congo_Pygmies
Congo Pygmies,,PCON1,Congo_Pygmies
Congo Pygmies,,PCON1,Congo_Pygmies
Congo Pygmies,,PCON1,Congo_Pygmies
Congo Pygmies,,PCON1,Congo_Pygmies
Congo Pygmies,,PCON1,Congo_Pygmies
Congo Pygmies,,PCON1,Congo_Pygmies
Congo Pygmies,,PCON1,Congo_Pygmies
Congo Pygmies,,PCON1,Congo_Pygmies
Congo Pygmies,,PCON1,Congo_Pygmies
Congo Pygmies,,PCON1,Congo_Pygmies
Congo Pygmies,,PCON1,Congo_Pygmies
Congo Pygmies,,PCON1,Congo_Pygmies
Congo Pygmies,,PCON1,Congo_Pygmies
Congo Pygmies,,PCON1,Congo_Pygmies
Congo Pygmies,,PCON1,Congo_Pygmies
Congo Pygmies,,PCON1,Congo_Pygmies
Congo Pygmies,,PCON1,Congo_Pygmies
Congo Pygmies,,PCON1,Congo_Pygmies
Congo Pygmies,,PCON1,Congo_Pygmies
Congo Pygmies,,PCON1,Congo_Pygmies
Congo Pygmies,,PCON1,Congo_Pygmies
Congo Pygmies,,PCON1,Congo_Pygmies
Congo Pygmies,,PCON1,Congo_Pygmies
Congo Pygmies,,PCON1,Congo_Pygmies
Congo Pygmies,,PCON1,Congo_Pygmies
Congo Pygmies,,PCON1,Congo_Pygmies
Congo Pygmies,,PCON1,Congo_Pygmies
Congo Pygmies,,PCON1,Congo_Pygmies
Congo Pygmies,,PCON1,Congo_Pygmies
Congo Pygmies,,PCON1,Congo_Pygmies
Congo Pygmies,,PCON1,Congo_Pygmies
Congo Pygmies,,PCON1,Congo_Pygmies
Congo Pygmies,,PCON1,Congo_Pygmies
Congo Pygmies,,PCON1,Congo_Pygmies
Congo Pygmies,,PCON1,Congo_Pygmies
Congo Pygmies,,PCON1,Congo_Pygmies
Congo Pygmies,,PCON1,Congo_Pygmies
Congo Pygmies,,PCON1,Congo_Pygmies
Costa Rican,RIC1,RIC1-B,Costa_Rican
Costa Rican,RIC1,RIC1-B,Costa_Rican
Costa Rican,RIC1,RIC1-B,Costa_Rican
Costa Rican,RIC1,RIC1-B,Costa_Rican
Costa Rican,RIC1,RIC1-B,Costa_Rican
Costa Rican,RIC1,RIC1-B,Costa_Rican
Costa Rican,RIC1,RIC1-B,Costa_Rican
Costa Rican,RIC1,RIC1-B,Costa_Rican
Costa Rican,RIC1,RIC1-B,Costa_Rican
Costa Rican,RIC1,RIC1-B,Costa_Rican
Costa Rican,RIC1,RIC1-B,Costa_Rican
Costa Rican,RIC1,RIC1-B,Costa_Rican
Costa Rican,RIC1,RIC1-A,Costa_Rican
Costa Rican,RIC1,RIC1-A,Costa_Rican
Costa Rican,RIC1,RIC1-A,Costa_Rican
Costa Rican,RIC1,RIC1-A,Costa_Rican
Costa Rican,RIC1,RIC1-A,Costa_Rican
Costa Rican,RIC1,RIC1-A,Costa_Rican
Costa Rican,RIC1,RIC1-A,Costa_Rican
Costa Rican,RIC1,RIC1-A,Costa_Rican
Costa Rican,RIC1,RIC1-A,Costa_Rican
Costa Rican,RIC1,RIC1-A,Costa_Rican
Costa Rican,RIC1,RIC1-A,Costa_Rican
Costa Rican,RIC1,RIC1-A,Costa_Rican
Costa Rican,RIC1,RIC1-B,Costa_Rican
Costa Rican,RIC1,RIC1-B,Costa_Rican
Costa Rican,RIC1,RIC1-B,Costa_Rican
Costa Rican,RIC1,RIC1-B,Costa_Rican
Costa Rican,RIC1,RIC1-B,Costa_Rican
Costa Rican,RIC1,RIC1-B,Costa_Rican
Costa Rican,RIC1,RIC1-A,Costa_Rican
Costa Rican,RIC1,RIC1-A,Costa_Rican
Costa Rican,RIC1,RIC1-A,Costa_Rican
Costa Rican,RIC1,RIC1-A,Costa_Rican
Costa Rican,RIC1,RIC1-A,Costa_Rican
Costa Rican,RIC1,RIC1-A,Costa_Rican
Costa Rican,RIC1,RIC1-B,Costa_Rican
Costa Rican,RIC1,RIC1-B,Costa_Rican
Costa Rican,RIC1,RIC1-B,Costa_Rican
Costa Rican,RIC1,RIC1-B,Costa_Rican
Costa Rican,RIC1,RIC1-B,Costa_Rican
Costa Rican,RIC1,RIC1-B,Costa_Rican
Costa Rican,RIC1,RIC1-B,Costa_Rican
Costa Rican,RIC1,RIC1-B,Costa_Rican
Costa Rican,RIC1,RIC1-B,Costa_Rican
Costa Rican,RIC1,RIC1-B,Costa_Rican
Costa Rican,RIC1,RIC1-B,Costa_Rican
Costa Rican,RIC1,RIC1-B,Costa_Rican
Costa Rican,RIC1,RIC1-A,Costa_Rican
Costa Rican,RIC1,RIC1-A,Costa_Rican
Costa Rican,RIC1,RIC1-A,Costa_Rican
Costa Rican,RIC1,RIC1-A,Costa_Rican
Costa Rican,RIC1,RIC1-A,Costa_Rican
Costa Rican,RIC1,RIC1-A,Costa_Rican
Costa Rican,RIC1,RIC1-A,Costa_Rican
Costa Rican,RIC1,RIC1-A,Costa_Rican
Costa Rican,RIC1,RIC1-A,Costa_Rican
Costa Rican,RIC1,RIC1-A,Costa_Rican
Costa Rican,RIC1,RIC1-A,Costa_Rican
Costa Rican,RIC1,RIC1-A,Costa_Rican
Costa Rican,RIC1,RIC1-A,Costa_Rican
Costa Rican,RIC1,RIC1-A,Costa_Rican
Costa Rican,RIC1,RIC1-A,Costa_Rican
Costa Rican,RIC1,RIC1-A,Costa_Rican
Costa Rican,RIC1,RIC1-A,Costa_Rican
Costa Rican,RIC1,RIC1-A,Costa_Rican
Costa Rican,RIC1,RIC1-B,Costa_Rican
Costa Rican,RIC1,RIC1-B,Costa_Rican
Costa Rican,RIC1,RIC1-B,Costa_Rican
Costa Rican,RIC1,RIC1-B,Costa_Rican
Costa Rican,RIC1,RIC1-B,Costa_Rican
Costa Rican,RIC1,RIC1-B,Costa_Rican
England ELSA (Above 50yrs),ELSA,ELSA,EUROPEAN
Evenki,SIB1,EVE1,Siberian
Evenki,SIB1,EVE1,Siberian
Evenki,SIB1,EVE1,Siberian
Evenki,SIB1,EVE1,Siberian
Evenki,SIB1,EVE1,Siberian
Finnish NFBC study,NFBC,NFBC,Uralic_Ancestry
Finns,FIN2,FIN2-G,Uralic_Ancestry
Finns,FIN2,FIN2-F,Uralic_Ancestry
Finns,FIN2,FIN2-B,Uralic_Ancestry
Finns,FIN2,FIN2-C,Uralic_Ancestry
Finns,FIN2,FIN2-F,Uralic_Ancestry
Finns,FIN2,FIN2-C,Uralic_Ancestry
Finns,FIN2,FIN2-B,Uralic_Ancestry
Finns,FIN1-A,FIN1-A,Uralic_Ancestry
Finns,FIN2,FIN2-D,Uralic_Ancestry
Finns,FIN2,FIN2-E,Uralic_Ancestry
Finns,FIN2,FIN2-G,Uralic_Ancestry
Finns,FIN2,FIN2-C,Uralic_Ancestry
Finns,FIN1-A,FIN1-A,Uralic_Ancestry
Finns,FIN2,FIN2-D,Uralic_Ancestry
Finns,FIN2,FIN2-C,Uralic_Ancestry
Finns,FIN2,FIN2-D,Uralic_Ancestry
Finns,FIN2,FIN2-E,Uralic_Ancestry
Finns,FIN2,FIN2-E,Uralic_Ancestry
Finns,FIN2,FIN2-G,Uralic_Ancestry
Finns,FIN2,FIN2-E,Uralic_Ancestry
Finns,FIN1-A,FIN1-A,Uralic_Ancestry
Finns,FIN2,FIN2-C,Uralic_Ancestry
Finns,FIN2,FIN2-F,Uralic_Ancestry
Finns,FIN1-A,FIN1-A,Uralic_Ancestry
Finns,FIN2,FIN2-B,Uralic_Ancestry
Finns,FIN2,FIN2-C,Uralic_Ancestry
Finns,FIN2,FIN2-G,Uralic_Ancestry
Finns,FIN2,FIN2-B,Uralic_Ancestry
Finns,FIN2,FIN2-E,Uralic_Ancestry
Finns,FIN2,FIN2-F,Uralic_Ancestry
Finns,FIN2,FIN2-B,Uralic_Ancestry
Finns,FIN2,FIN2-C,Uralic_Ancestry
Finns,FIN1-A,FIN1-A,Uralic_Ancestry
Finns,FIN2,FIN2-E,Uralic_Ancestry
Finns,FIN2,FIN2-B,Uralic_Ancestry
Finns,FIN2,FIN2-F,Uralic_Ancestry
Finns,FIN2,FIN2-G,Uralic_Ancestry
Finns,FIN2,FIN2-D,Uralic_Ancestry
Finns,FIN2,FIN2-E,Uralic_Ancestry
Finns,FIN2,FIN2-D,Uralic_Ancestry
Finns,FIN1-A,FIN1-A,Uralic_Ancestry
Finns,FIN2,FIN2-G,Uralic_Ancestry
Finns,FIN2,FIN2-B,Uralic_Ancestry
Finns,FIN2,FIN2-C,Uralic_Ancestry
Finns,FIN2,FIN2-F,Uralic_Ancestry
Finns,FIN1-A,FIN1-A,Uralic_Ancestry
Finns,FIN2,FIN2-D,Uralic_Ancestry
Finns,FIN2,FIN2-B,Uralic_Ancestry
Finns,FIN2,FIN2-B,Uralic_Ancestry
Finns,FIN1-A,FIN1-A,Uralic_Ancestry
Finns,FIN2,FIN2-C,Uralic_Ancestry
Finns,FIN2,FIN2-E,Uralic_Ancestry
Finns,FIN2,FIN2-F,Uralic_Ancestry
Finns,FIN2,FIN2-G,Uralic_Ancestry
Finns,FIN2,FIN2-E,Uralic_Ancestry
Finns,FIN2,FIN2-D,Uralic_Ancestry
Finns,FIN2,FIN2-D,Uralic_Ancestry
Finns,FIN2,FIN2-D,Uralic_Ancestry
Finns,FIN1-A,FIN1-A,Uralic_Ancestry
Finns,FIN2,FIN2-C,Uralic_Ancestry
Finns,FIN2,FIN2-B,Uralic_Ancestry
Finns,FIN2,FIN2-G,Uralic_Ancestry
Finns,FIN2,FIN2-G,Uralic_Ancestry
Finns,FIN1-A,FIN1-A,Uralic_Ancestry
Finns,FIN2,FIN2-C,Uralic_Ancestry
Finns,FIN2,FIN2-F,Uralic_Ancestry
Finns,FIN2,FIN2-E,Uralic_Ancestry
Finns,FIN2,FIN2-D,Uralic_Ancestry
Finns,FIN2,FIN2-C,Uralic_Ancestry
Finns,FIN2,FIN2-G,Uralic_Ancestry
Finns,FIN1-A,FIN1-A,Uralic_Ancestry
Finns,FIN2,FIN2-E,Uralic_Ancestry
Finns,FIN2,FIN2-B,Uralic_Ancestry
Finns,FIN2,FIN2-C,Uralic_Ancestry
Finns,FIN2,FIN2-E,Uralic_Ancestry
Finns,FIN2,FIN2-G,Uralic_Ancestry
Finns,FIN1-A,FIN1-A,Uralic_Ancestry
Finns,FIN2,FIN2-B,Uralic_Ancestry
Finns,FIN2,FIN2-F,Uralic_Ancestry
Finns,FIN2,FIN2-F,Uralic_Ancestry
Finns,FIN2,FIN2-D,Uralic_Ancestry
Finns,FIN2,FIN2-D,Uralic_Ancestry
Finns,FIN2,FIN2-B,Uralic_Ancestry
Finns,FIN1-A,FIN1-A,Uralic_Ancestry
Finns,FIN2,FIN2-F,Uralic_Ancestry
Finns,FIN2,FIN2-G,Uralic_Ancestry
Finns,FIN2,FIN2-C,Uralic_Ancestry
Finns,FIN2,FIN2-F,Uralic_Ancestry
Finns,FIN2,FIN2-B,Uralic_Ancestry
Finns,FIN2,FIN2-D,Uralic_Ancestry
Finns,FIN2,FIN2-E,Uralic_Ancestry
Finns,FIN1-A,FIN1-A,Uralic_Ancestry
Finns,FIN2,FIN2-D,Uralic_Ancestry
Finns,FIN2,FIN2-E,Uralic_Ancestry
Framingham study,FR1,FR1,Framingham
Fukiens,TAI1,TAI1-B,Chinese
Fukiens,TAI1,TAI1-B,Chinese
Fulani,,FUL2,West_African
Fulani,,FUL1,West_African
Fulani,,FUL1,West_African
Fulani,,FUL1,West_African
Fulani,,FUL1,West_African
Gambian,GAM1,GAM1,West_African
Gambian,GAM1,GAM1,West_African
Gambian,GAM1,GAM1,West_African
Gambian,GAM1,GAM1,West_African
Gambian,GAM1,GAM1,West_African
Gambian,GAM1,GAM1,West_African
Gambian,GAM1,GAM1,West_African
Gambian,GAM1,GAM1,West_African
Ghana_Rural_Female,GHN,GHN,West_African
Ghana_Rural_Male,GHN,GHN,West_African
Ghana_Urban_Females,GHN,GHN,West_African
Ghana_Urban_Males,GHN,GHN,West_African
Ghanaian,GHA4,GHA4,West_African
Ghanaian,GHA4,GHA4,West_African
Ghanaian,GHA4,GHA4,West_African
Ghanaian,GHA4,GHA4,West_African
Greenland Inuit,INU11,INU11,Circumpolar
Greenland Inuit,INU11,INU11,Circumpolar
Greenland Inuit,INU11,INU11,Circumpolar
Greenland Inuit,INU11,INU11,Circumpolar
Greenland Inuit,ESK5,ESK5-B,Circumpolar
Greenland Inuit,INU9,INU9,Circumpolar
Greenland Inuit,INU9,INU9,Circumpolar
Greenland Inuit,INU9,INU9,Circumpolar
Greenland Inuit,INU9,INU9,Circumpolar
Greenland Inuit,INU9,INU9,Circumpolar
Greenland Inuit,INU9,INU9,Circumpolar
Greenland Inuit,INU9,INU9,Circumpolar
Greenland Inuit,INU9,INU9,Circumpolar
Greenland Inuit,ESK5,ESK5-A,Circumpolar
Greenland Inuit,INU9,INU9,Circumpolar
Greenland Inuit,INU9,INU9,Circumpolar
Greenland Inuit,INU9,INU9,Circumpolar
Greenland Inuit,INU9,INU9,Circumpolar
Greenland Inuit,INU9,INU9,Circumpolar
Greenland Inuit,INU9,INU9,Circumpolar
Greenland Inuit,INU9,INU9,Circumpolar
Greenland Inuit,INU9,INU9,Circumpolar
Guarani,BRA2-B,BRA2-B,SA_Indegenous
Guatemalan,GUA1,GUA1-B,Guatemalan
Guatemalan,GUA1,GUA1-B,Guatemalan
Guatemalan,GUA1,GUA1-B,Guatemalan
Guatemalan,GUA1,GUA1-B,Guatemalan
Guatemalan,GUA1,GUA1-B,Guatemalan
Guatemalan,GUA1,GUA1-B,Guatemalan
Guatemalan,GUA1,GUA1-B,Guatemalan
Guatemalan,GUA1,GUA1-B,Guatemalan
Hadza,HAD4,HAD4-A,East_Africa_HG
Hadza,HAD4,HAD4-A,East_Africa_HG
Hadza,HAD4,HAD4-A,East_Africa_HG
Hadza,HAD4,HAD4-A,East_Africa_HG
Hadza,HAD4,HAD4-A,East_Africa_HG
Hadza,HAD4,HAD4-A,East_Africa_HG
Hadza,HAD4,HAD4-A,East_Africa_HG
Hadza,HAD4,HAD4-A,East_Africa_HG
Hadza,HAD4,HAD4-A,East_Africa_HG
Hadza,HAD4,HAD4-A,East_Africa_HG
Hadza,HAD4,HAD4-A,East_Africa_HG
Hadza,HAD4,HAD4-A,East_Africa_HG
Hadza,HAD4,HAD4-A,East_Africa_HG
Hadza,HAD4,HAD4-A,East_Africa_HG
Hadza,HAD4,HAD4-C,East_Africa_HG
Hadza,HAD4,HAD4-C,East_Africa_HG
Hadza,HAD4,HAD4-C,East_Africa_HG
Hadza,HAD4,HAD4-C,East_Africa_HG
Hadza,HAD4,HAD4-C,East_Africa_HG
Hadza,HAD4,HAD4-C,East_Africa_HG
Hadza,HAD4,HAD4-C,East_Africa_HG
Hadza,HAD4,HAD4-C,East_Africa_HG
Hadza,HAD4,HAD4-C,East_Africa_HG
Hadza,HAD4,HAD4-C,East_Africa_HG
Hadza,HAD4,HAD4-C,East_Africa_HG
Hadza,HAD4,HAD4-C,East_Africa_HG
Hadza,HAD4,HAD4-C,East_Africa_HG
Hadza,HAD4,HAD4-C,East_Africa_HG
Hadza,HAD4,HAD4-B,East_Africa_HG
Hadza,HAD4,HAD4-B,East_Africa_HG
Hadza,HAD4,HAD4-B,East_Africa_HG
Hadza,HAD4,HAD4-B,East_Africa_HG
Hadza,HAD4,HAD4-B,East_Africa_HG
Hadza,HAD4,HAD4-B,East_Africa_HG
Hadza,HAD4,HAD4-B,East_Africa_HG
Hadza,HAD4,HAD4-B,East_Africa_HG
Hadza,HAD4,HAD4-B,East_Africa_HG
Hadza,HAD4,HAD4-B,East_Africa_HG
Hadza,HAD4,HAD4-B,East_Africa_HG
Hadza,HAD4,HAD4-B,East_Africa_HG
Hadza,HAD4,HAD4-B,East_Africa_HG
Hadza,HAD4,HAD4-B,East_Africa_HG
Hadza,HAD4,HAD4-C,East_Africa_HG
Hadza,HAD4,HAD4-C,East_Africa_HG
Hadza,HAD4,HAD4-C,East_Africa_HG
Hadza,HAD4,HAD4-C,East_Africa_HG
Hadza,HAD4,HAD4-C,East_Africa_HG
Hadza,HAD4,HAD4-C,East_Africa_HG
Hadza,HAD4,HAD4-C,East_Africa_HG
Hadza,HAD4,HAD4-C,East_Africa_HG
Hadza,HAD4,HAD4-C,East_Africa_HG
Hadza,HAD4,HAD4-C,East_Africa_HG
Hadza,HAD4,HAD4-C,East_Africa_HG
Hadza,HAD4,HAD4-C,East_Africa_HG
Hadza,HAD4,HAD4-C,East_Africa_HG
Hadza,HAD4,HAD4-C,East_Africa_HG
Hadza,HAD4,HAD4-B,East_Africa_HG
Hadza,HAD4,HAD4-B,East_Africa_HG
Hadza,HAD4,HAD4-B,East_Africa_HG
Hadza,HAD4,HAD4-B,East_Africa_HG
Hadza,HAD4,HAD4-B,East_Africa_HG
Hadza,HAD4,HAD4-B,East_Africa_HG
Hadza,HAD4,HAD4-B,East_Africa_HG
Hadza,HAD4,HAD4-B,East_Africa_HG
Hadza,HAD4,HAD4-B,East_Africa_HG
Hadza,HAD4,HAD4-B,East_Africa_HG
Hadza,HAD4,HAD4-B,East_Africa_HG
Hadza,HAD4,HAD4-B,East_Africa_HG
Hadza,HAD4,HAD4-B,East_Africa_HG
Hadza,HAD4,HAD4-B,East_Africa_HG
Hadza,HAD4,HAD4-B,East_Africa_HG
Hadza,HAD4,HAD4-B,East_Africa_HG
Hadza,HAD4,HAD4-B,East_Africa_HG
Hadza,HAD4,HAD4-B,East_Africa_HG
Hadza,HAD4,HAD4-B,East_Africa_HG
Hadza,HAD4,HAD4-B,East_Africa_HG
Hadza,HAD4,HAD4-B,East_Africa_HG
Hadza,HAD4,HAD4-B,East_Africa_HG
Hadza,HAD4,HAD4-B,East_Africa_HG
Hadza,HAD4,HAD4-B,East_Africa_HG
Hadza,HAD4,HAD4-B,East_Africa_HG
Hadza,HAD4,HAD4-B,East_Africa_HG
Hadza,HAD4,HAD4-B,East_Africa_HG
Hadza,HAD4,HAD4-B,East_Africa_HG
Hadza,HAD4,HAD4-C,East_Africa_HG
Hadza,HAD4,HAD4-C,East_Africa_HG
Hadza,HAD4,HAD4-C,East_Africa_HG
Hadza,HAD4,HAD4-C,East_Africa_HG
Hadza,HAD4,HAD4-C,East_Africa_HG
Hadza,HAD4,HAD4-C,East_Africa_HG
Hadza,HAD4,HAD4-C,East_Africa_HG
Hadza,HAD4,HAD4-C,East_Africa_HG
Hadza,HAD4,HAD4-C,East_Africa_HG
Hadza,HAD4,HAD4-C,East_Africa_HG
Hadza,HAD4,HAD4-C,East_Africa_HG
Hadza,HAD4,HAD4-C,East_Africa_HG
Hadza,HAD4,HAD4-C,East_Africa_HG
Hadza,HAD4,HAD4-C,East_Africa_HG
Hadza,HAD4,HAD4-C,East_Africa_HG
Hadza,HAD4,HAD4-C,East_Africa_HG
Hadza,HAD4,HAD4-C,East_Africa_HG
Hadza,HAD4,HAD4-C,East_Africa_HG
Hadza,HAD4,HAD4-C,East_Africa_HG
Hadza,HAD4,HAD4-C,East_Africa_HG
Hadza,HAD4,HAD4-C,East_Africa_HG
Hadza,HAD4,HAD4-C,East_Africa_HG
Hadza,HAD4,HAD4-C,East_Africa_HG
Hadza,HAD4,HAD4-C,East_Africa_HG
Hadza,HAD4,HAD4-C,East_Africa_HG
Hadza,HAD4,HAD4-C,East_Africa_HG
Hadza,HAD4,HAD4-C,East_Africa_HG
Hadza,HAD4,HAD4-C,East_Africa_HG
Hadza,HAD4,HAD4-D,East_Africa_HG
Hadza,HAD4,HAD4-C,East_Africa_HG
Hadza,HAD4,HAD4-C,East_Africa_HG
Hadza,HAD4,HAD4-C,East_Africa_HG
Hadza,HAD4,HAD4-C,East_Africa_HG
Hadza,HAD4,HAD4-C,East_Africa_HG
Hadza,HAD4,HAD4-C,East_Africa_HG
Hadza,HAD4,HAD4-C,East_Africa_HG
Hadza,HAD4,HAD4-C,East_Africa_HG
Hadza,HAD4,HAD4-C,East_Africa_HG
Hadza,HAD4,HAD4-C,East_Africa_HG
Hadza,HAD4,HAD4-C,East_Africa_HG
Hadza,HAD4,HAD4-C,East_Africa_HG
Hadza,HAD4,HAD4-C,East_Africa_HG
Hadza,HAD4,HAD4-C,East_Africa_HG
Hadza,HAD4,HAD4-C,East_Africa_HG
Hadza,HAD4,HAD4-C,East_Africa_HG
Hadza,HAD4,HAD4-C,East_Africa_HG
Hadza,HAD4,HAD4-C,East_Africa_HG
Hadza,HAD4,HAD4-C,East_Africa_HG
Hadza,HAD4,HAD4-C,East_Africa_HG
Hadza,HAD4,HAD4-C,East_Africa_HG
Hadza,HAD4,HAD4-C,East_Africa_HG
Hadza,HAD4,HAD4-C,East_Africa_HG
Hadza,HAD4,HAD4-C,East_Africa_HG
Hadza,HAD4,HAD4-C,East_Africa_HG
Hadza,HAD4,HAD4-C,East_Africa_HG
Hadza,HAD4,HAD4-C,East_Africa_HG
Hadza,HAD4,HAD4-C,East_Africa_HG
Hadza,HAD4,HAD4-D,East_Africa_HG
Hadza,HAD4,HAD4-A,East_Africa_HG
Hadza,HAD4,HAD4-A,East_Africa_HG
Hadza,HAD4,HAD4-A,East_Africa_HG
Hadza,HAD4,HAD4-A,East_Africa_HG
Hadza,HAD4,HAD4-A,East_Africa_HG
Hadza,HAD4,HAD4-A,East_Africa_HG
Hadza,HAD4,HAD4-A,East_Africa_HG
Hadza,HAD4,HAD4-A,East_Africa_HG
Hadza,HAD4,HAD4-A,East_Africa_HG
Hadza,HAD4,HAD4-A,East_Africa_HG
Hadza,HAD4,HAD4-A,East_Africa_HG
Hadza,HAD4,HAD4-A,East_Africa_HG
Hadza,HAD4,HAD4-A,East_Africa_HG
Hadza,HAD4,HAD4-A,East_Africa_HG
Hadza,HAD4,HAD4-B,East_Africa_HG
Hadza,HAD4,HAD4-B,East_Africa_HG
Hadza,HAD4,HAD4-B,East_Africa_HG
Hadza,HAD4,HAD4-B,East_Africa_HG
Hadza,HAD4,HAD4-B,East_Africa_HG
Hadza,HAD4,HAD4-B,East_Africa_HG
Hadza,HAD4,HAD4-B,East_Africa_HG
Hadza,HAD4,HAD4-B,East_Africa_HG
Hadza,HAD4,HAD4-B,East_Africa_HG
Hadza,HAD4,HAD4-B,East_Africa_HG
Hadza,HAD4,HAD4-B,East_Africa_HG
Hadza,HAD4,HAD4-B,East_Africa_HG
Hadza,HAD4,HAD4-B,East_Africa_HG
Hadza,HAD4,HAD4-B,East_Africa_HG
Hadza,HAD4,HAD4-D,East_Africa_HG
Hadza,HAD4,HAD4-D,East_Africa_HG
Hadza,HAD4,HAD4-A,East_Africa_HG
Hadza,HAD4,HAD4-A,East_Africa_HG
Hadza,HAD4,HAD4-A,East_Africa_HG
Hadza,HAD4,HAD4-A,East_Africa_HG
Hadza,HAD4,HAD4-A,East_Africa_HG
Hadza,HAD4,HAD4-A,East_Africa_HG
Hadza,HAD4,HAD4-A,East_Africa_HG
Hadza,HAD4,HAD4-A,East_Africa_HG
Hadza,HAD4,HAD4-A,East_Africa_HG
Hadza,HAD4,HAD4-A,East_Africa_HG
Hadza,HAD4,HAD4-A,East_Africa_HG
Hadza,HAD4,HAD4-A,East_Africa_HG
Hadza,HAD4,HAD4-A,East_Africa_HG
Hadza,HAD4,HAD4-A,East_Africa_HG
Hadza,HAD4,HAD4-D,East_Africa_HG
Hadza,HAD4,HAD4-D,East_Africa_HG
Hadza,HAD4,HAD4-B,East_Africa_HG
Hadza,HAD4,HAD4-B,East_Africa_HG
Hadza,HAD4,HAD4-B,East_Africa_HG
Hadza,HAD4,HAD4-B,East_Africa_HG
Hadza,HAD4,HAD4-B,East_Africa_HG
Hadza,HAD4,HAD4-B,East_Africa_HG
Hadza,HAD4,HAD4-B,East_Africa_HG
Hadza,HAD4,HAD4-B,East_Africa_HG
Hadza,HAD4,HAD4-B,East_Africa_HG
Hadza,HAD4,HAD4-B,East_Africa_HG
Hadza,HAD4,HAD4-B,East_Africa_HG
Hadza,HAD4,HAD4-B,East_Africa_HG
Hadza,HAD4,HAD4-B,East_Africa_HG
Hadza,HAD4,HAD4-B,East_Africa_HG
Hadza,HAD4,HAD4-D,East_Africa_HG
Hadza,HAD4,HAD4-B,East_Africa_HG
Hadza,HAD4,HAD4-B,East_Africa_HG
Hadza,HAD4,HAD4-B,East_Africa_HG
Hadza,HAD4,HAD4-B,East_Africa_HG
Hadza,HAD4,HAD4-B,East_Africa_HG
Hadza,HAD4,HAD4-B,East_Africa_HG
Hadza,HAD4,HAD4-B,East_Africa_HG
Hadza,HAD4,HAD4-B,East_Africa_HG
Hadza,HAD4,HAD4-B,East_Africa_HG
Hadza,HAD4,HAD4-B,East_Africa_HG
Hadza,HAD4,HAD4-B,East_Africa_HG
Hadza,HAD4,HAD4-B,East_Africa_HG
Hadza,HAD4,HAD4-B,East_Africa_HG
Hadza,HAD4,HAD4-B,East_Africa_HG
Hadza,HAD4,HAD4-B,East_Africa_HG
Hadza,HAD4,HAD4-B,East_Africa_HG
Hadza,HAD4,HAD4-B,East_Africa_HG
Hadza,HAD4,HAD4-B,East_Africa_HG
Hadza,HAD4,HAD4-B,East_Africa_HG
Hadza,HAD4,HAD4-B,East_Africa_HG
Hadza,HAD4,HAD4-B,East_Africa_HG
Hadza,HAD4,HAD4-B,East_Africa_HG
Hadza,HAD4,HAD4-B,East_Africa_HG
Hadza,HAD4,HAD4-B,East_Africa_HG
Hadza,HAD4,HAD4-B,East_Africa_HG
Hadza,HAD4,HAD4-B,East_Africa_HG
Hadza,HAD4,HAD4-B,East_Africa_HG
Hadza,HAD4,HAD4-B,East_Africa_HG
Hadza,HAD4,HAD4-A,East_Africa_HG
Hadza,HAD4,HAD4-A,East_Africa_HG
Hadza,HAD4,HAD4-A,East_Africa_HG
Hadza,HAD4,HAD4-A,East_Africa_HG
Hadza,HAD4,HAD4-A,East_Africa_HG
Hadza,HAD4,HAD4-A,East_Africa_HG
Hadza,HAD4,HAD4-A,East_Africa_HG
Hadza,HAD4,HAD4-A,East_Africa_HG
Hadza,HAD4,HAD4-A,East_Africa_HG
Hadza,HAD4,HAD4-A,East_Africa_HG
Hadza,HAD4,HAD4-A,East_Africa_HG
Hadza,HAD4,HAD4-A,East_Africa_HG
Hadza,HAD4,HAD4-A,East_Africa_HG
Hadza,HAD4,HAD4-A,East_Africa_HG
Hadza,HAD4,HAD4-C,East_Africa_HG
Hadza,HAD4,HAD4-C,East_Africa_HG
Hadza,HAD4,HAD4-C,East_Africa_HG
Hadza,HAD4,HAD4-C,East_Africa_HG
Hadza,HAD4,HAD4-C,East_Africa_HG
Hadza,HAD4,HAD4-C,East_Africa_HG
Hadza,HAD4,HAD4-C,East_Africa_HG
Hadza,HAD4,HAD4-C,East_Africa_HG
Hadza,HAD4,HAD4-C,East_Africa_HG
Hadza,HAD4,HAD4-C,East_Africa_HG
Hadza,HAD4,HAD4-C,East_Africa_HG
Hadza,HAD4,HAD4-C,East_Africa_HG
Hadza,HAD4,HAD4-C,East_Africa_HG
Hadza,HAD4,HAD4-C,East_Africa_HG
Hadza,HAD4,HAD4-A,East_Africa_HG
Hadza,HAD4,HAD4-A,East_Africa_HG
Hadza,HAD4,HAD4-A,East_Africa_HG
Hadza,HAD4,HAD4-A,East_Africa_HG
Hadza,HAD4,HAD4-A,East_Africa_HG
Hadza,HAD4,HAD4-A,East_Africa_HG
Hadza,HAD4,HAD4-A,East_Africa_HG
Hadza,HAD4,HAD4-A,East_Africa_HG
Hadza,HAD4,HAD4-A,East_Africa_HG
Hadza,HAD4,HAD4-A,East_Africa_HG
Hadza,HAD4,HAD4-A,East_Africa_HG
Hadza,HAD4,HAD4-A,East_Africa_HG
Hadza,HAD4,HAD4-A,East_Africa_HG
Hadza,HAD4,HAD4-A,East_Africa_HG
Hadza,HAD4,HAD4-B,East_Africa_HG
Hadza,HAD4,HAD4-B,East_Africa_HG
Hadza,HAD4,HAD4-B,East_Africa_HG
Hadza,HAD4,HAD4-B,East_Africa_HG
Hadza,HAD4,HAD4-B,East_Africa_HG
Hadza,HAD4,HAD4-B,East_Africa_HG
Hadza,HAD4,HAD4-B,East_Africa_HG
Hadza,HAD4,HAD4-B,East_Africa_HG
Hadza,HAD4,HAD4-B,East_Africa_HG
Hadza,HAD4,HAD4-B,East_Africa_HG
Hadza,HAD4,HAD4-B,East_Africa_HG
Hadza,HAD4,HAD4-B,East_Africa_HG
Hadza,HAD4,HAD4-B,East_Africa_HG
Hadza,HAD4,HAD4-B,East_Africa_HG
Hadza,HAD4,HAD4-A,East_Africa_HG
Hadza,HAD4,HAD4-A,East_Africa_HG
Hadza,HAD4,HAD4-A,East_Africa_HG
Hadza,HAD4,HAD4-A,East_Africa_HG
Hadza,HAD4,HAD4-A,East_Africa_HG
Hadza,HAD4,HAD4-A,East_Africa_HG
Hadza,HAD4,HAD4-A,East_Africa_HG
Hadza,HAD4,HAD4-A,East_Africa_HG
Hadza,HAD4,HAD4-A,East_Africa_HG
Hadza,HAD4,HAD4-A,East_Africa_HG
Hadza,HAD4,HAD4-A,East_Africa_HG
Hadza,HAD4,HAD4-A,East_Africa_HG
Hadza,HAD4,HAD4-A,East_Africa_HG
Hadza,HAD4,HAD4-A,East_Africa_HG
Hadza,HAD4,HAD4-B,East_Africa_HG
Hadza,HAD4,HAD4-B,East_Africa_HG
Hadza,HAD4,HAD4-B,East_Africa_HG
Hadza,HAD4,HAD4-B,East_Africa_HG
Hadza,HAD4,HAD4-B,East_Africa_HG
Hadza,HAD4,HAD4-B,East_Africa_HG
Hadza,HAD4,HAD4-B,East_Africa_HG
Hadza,HAD4,HAD4-B,East_Africa_HG
Hadza,HAD4,HAD4-B,East_Africa_HG
Hadza,HAD4,HAD4-B,East_Africa_HG
Hadza,HAD4,HAD4-B,East_Africa_HG
Hadza,HAD4,HAD4-B,East_Africa_HG
Hadza,HAD4,HAD4-B,East_Africa_HG
Hadza,HAD4,HAD4-B,East_Africa_HG
Hadza,HAD4,HAD4-D,East_Africa_HG
Hadza,HAD4,HAD4-A,East_Africa_HG
Hadza,HAD4,HAD4-A,East_Africa_HG
Hadza,HAD4,HAD4-A,East_Africa_HG
Hadza,HAD4,HAD4-A,East_Africa_HG
Hadza,HAD4,HAD4-A,East_Africa_HG
Hadza,HAD4,HAD4-A,East_Africa_HG
Hadza,HAD4,HAD4-A,East_Africa_HG
Hadza,HAD4,HAD4-A,East_Africa_HG
Hadza,HAD4,HAD4-A,East_Africa_HG
Hadza,HAD4,HAD4-A,East_Africa_HG
Hadza,HAD4,HAD4-A,East_Africa_HG
Hadza,HAD4,HAD4-A,East_Africa_HG
Hadza,HAD4,HAD4-A,East_Africa_HG
Hadza,HAD4,HAD4-A,East_Africa_HG
Hadza,HAD4,HAD4-D,East_Africa_HG
Hadza,HAD4,HAD4-A,East_Africa_HG
Hadza,HAD4,HAD4-A,East_Africa_HG
Hadza,HAD4,HAD4-A,East_Africa_HG
Hadza,HAD4,HAD4-A,East_Africa_HG
Hadza,HAD4,HAD4-A,East_Africa_HG
Hadza,HAD4,HAD4-A,East_Africa_HG
Hadza,HAD4,HAD4-A,East_Africa_HG
Hadza,HAD4,HAD4-A,East_Africa_HG
Hadza,HAD4,HAD4-A,East_Africa_HG
Hadza,HAD4,HAD4-A,East_Africa_HG
Hadza,HAD4,HAD4-A,East_Africa_HG
Hadza,HAD4,HAD4-A,East_Africa_HG
Hadza,HAD4,HAD4-A,East_Africa_HG
Hadza,HAD4,HAD4-A,East_Africa_HG
Hadza,HAD4,HAD4-D,East_Africa_HG
Hadza,HAD4,HAD4-D,East_Africa_HG
Hadza,HAD4,HAD4-A,East_Africa_HG
Hadza,HAD4,HAD4-A,East_Africa_HG
Hadza,HAD4,HAD4-A,East_Africa_HG
Hadza,HAD4,HAD4-A,East_Africa_HG
Hadza,HAD4,HAD4-A,East_Africa_HG
Hadza,HAD4,HAD4-A,East_Africa_HG
Hadza,HAD4,HAD4-A,East_Africa_HG
Hadza,HAD4,HAD4-A,East_Africa_HG
Hadza,HAD4,HAD4-A,East_Africa_HG
Hadza,HAD4,HAD4-A,East_Africa_HG
Hadza,HAD4,HAD4-A,East_Africa_HG
Hadza,HAD4,HAD4-A,East_Africa_HG
Hadza,HAD4,HAD4-A,East_Africa_HG
Hadza,HAD4,HAD4-A,East_Africa_HG
Hadza,HAD4,HAD4-C,East_Africa_HG
Hadza,HAD4,HAD4-C,East_Africa_HG
Hadza,HAD4,HAD4-C,East_Africa_HG
Hadza,HAD4,HAD4-C,East_Africa_HG
Hadza,HAD4,HAD4-C,East_Africa_HG
Hadza,HAD4,HAD4-C,East_Africa_HG
Hadza,HAD4,HAD4-C,East_Africa_HG
Hadza,HAD4,HAD4-C,East_Africa_HG
Hadza,HAD4,HAD4-C,East_Africa_HG
Hadza,HAD4,HAD4-C,East_Africa_HG
Hadza,HAD4,HAD4-C,East_Africa_HG
Hadza,HAD4,HAD4-C,East_Africa_HG
Hadza,HAD4,HAD4-C,East_Africa_HG
Hadza,HAD4,HAD4-C,East_Africa_HG
Hadza,HAD4,HAD4-B,East_Africa_HG
Hadza,HAD4,HAD4-B,East_Africa_HG
Hadza,HAD4,HAD4-B,East_Africa_HG
Hadza,HAD4,HAD4-B,East_Africa_HG
Hadza,HAD4,HAD4-B,East_Africa_HG
Hadza,HAD4,HAD4-B,East_Africa_HG
Hadza,HAD4,HAD4-B,East_Africa_HG
Hadza,HAD4,HAD4-B,East_Africa_HG
Hadza,HAD4,HAD4-B,East_Africa_HG
Hadza,HAD4,HAD4-B,East_Africa_HG
Hadza,HAD4,HAD4-B,East_Africa_HG
Hadza,HAD4,HAD4-B,East_Africa_HG
Hadza,HAD4,HAD4-B,East_Africa_HG
Hadza,HAD4,HAD4-B,East_Africa_HG
Hadza,HAD4,HAD4-C,East_Africa_HG
Hadza,HAD4,HAD4-C,East_Africa_HG
Hadza,HAD4,HAD4-C,East_Africa_HG
Hadza,HAD4,HAD4-C,East_Africa_HG
Hadza,HAD4,HAD4-C,East_Africa_HG
Hadza,HAD4,HAD4-C,East_Africa_HG
Hadza,HAD4,HAD4-C,East_Africa_HG
Hadza,HAD4,HAD4-C,East_Africa_HG
Hadza,HAD4,HAD4-C,East_Africa_HG
Hadza,HAD4,HAD4-C,East_Africa_HG
Hadza,HAD4,HAD4-C,East_Africa_HG
Hadza,HAD4,HAD4-C,East_Africa_HG
Hadza,HAD4,HAD4-C,East_Africa_HG
Hadza,HAD4,HAD4-C,East_Africa_HG
Hadza,HAD4,HAD4-C,East_Africa_HG
Hadza,HAD4,HAD4-C,East_Africa_HG
Hadza,HAD4,HAD4-C,East_Africa_HG
Hadza,HAD4,HAD4-C,East_Africa_HG
Hadza,HAD4,HAD4-C,East_Africa_HG
Hadza,HAD4,HAD4-C,East_Africa_HG
Hadza,HAD4,HAD4-C,East_Africa_HG
Hadza,HAD4,HAD4-C,East_Africa_HG
Hadza,HAD4,HAD4-C,East_Africa_HG
Hadza,HAD4,HAD4-C,East_Africa_HG
Hadza,HAD4,HAD4-C,East_Africa_HG
Hadza,HAD4,HAD4-C,East_Africa_HG
Hadza,HAD4,HAD4-C,East_Africa_HG
Hadza,HAD4,HAD4-C,East_Africa_HG
Hadza,HAD4,HAD4-B,East_Africa_HG
Hadza,HAD4,HAD4-B,East_Africa_HG
Hadza,HAD4,HAD4-B,East_Africa_HG
Hadza,HAD4,HAD4-B,East_Africa_HG
Hadza,HAD4,HAD4-B,East_Africa_HG
Hadza,HAD4,HAD4-B,East_Africa_HG
Hadza,HAD4,HAD4-B,East_Africa_HG
Hadza,HAD4,HAD4-B,East_Africa_HG
Hadza,HAD4,HAD4-B,East_Africa_HG
Hadza,HAD4,HAD4-B,East_Africa_HG
Hadza,HAD4,HAD4-B,East_Africa_HG
Hadza,HAD4,HAD4-B,East_Africa_HG
Hadza,HAD4,HAD4-B,East_Africa_HG
Hadza,HAD4,HAD4-B,East_Africa_HG
Hadza,HAD4,HAD4-D,East_Africa_HG
Hadza,HAD4,HAD4-C,East_Africa_HG
Hadza,HAD4,HAD4-C,East_Africa_HG
Hadza,HAD4,HAD4-C,East_Africa_HG
Hadza,HAD4,HAD4-C,East_Africa_HG
Hadza,HAD4,HAD4-C,East_Africa_HG
Hadza,HAD4,HAD4-C,East_Africa_HG
Hadza,HAD4,HAD4-C,East_Africa_HG
Hadza,HAD4,HAD4-C,East_Africa_HG
Hadza,HAD4,HAD4-C,East_Africa_HG
Hadza,HAD4,HAD4-C,East_Africa_HG
Hadza,HAD4,HAD4-C,East_Africa_HG
Hadza,HAD4,HAD4-C,East_Africa_HG
Hadza,HAD4,HAD4-C,East_Africa_HG
Hadza,HAD4,HAD4-C,East_Africa_HG
Hadza,HAD4,HAD4-A,East_Africa_HG
Hadza,HAD4,HAD4-A,East_Africa_HG
Hadza,HAD4,HAD4-A,East_Africa_HG
Hadza,HAD4,HAD4-A,East_Africa_HG
Hadza,HAD4,HAD4-A,East_Africa_HG
Hadza,HAD4,HAD4-A,East_Africa_HG
Hadza,HAD4,HAD4-A,East_Africa_HG
Hadza,HAD4,HAD4-A,East_Africa_HG
Hadza,HAD4,HAD4-A,East_Africa_HG
Hadza,HAD4,HAD4-A,East_Africa_HG
Hadza,HAD4,HAD4-A,East_Africa_HG
Hadza,HAD4,HAD4-A,East_Africa_HG
Hadza,HAD4,HAD4-A,East_Africa_HG
Hadza,HAD4,HAD4-A,East_Africa_HG
Hadza,HAD4,HAD4-B,East_Africa_HG
Hadza,HAD4,HAD4-B,East_Africa_HG
Hadza,HAD4,HAD4-B,East_Africa_HG
Hadza,HAD4,HAD4-B,East_Africa_HG
Hadza,HAD4,HAD4-B,East_Africa_HG
Hadza,HAD4,HAD4-B,East_Africa_HG
Hadza,HAD4,HAD4-B,East_Africa_HG
Hadza,HAD4,HAD4-B,East_Africa_HG
Hadza,HAD4,HAD4-B,East_Africa_HG
Hadza,HAD4,HAD4-B,East_Africa_HG
Hadza,HAD4,HAD4-B,East_Africa_HG
Hadza,HAD4,HAD4-B,East_Africa_HG
Hadza,HAD4,HAD4-B,East_Africa_HG
Hadza,HAD4,HAD4-B,East_Africa_HG
Hadza,HAD4,HAD4-A,East_Africa_HG
Hadza,HAD4,HAD4-A,East_Africa_HG
Hadza,HAD4,HAD4-A,East_Africa_HG
Hadza,HAD4,HAD4-A,East_Africa_HG
Hadza,HAD4,HAD4-A,East_Africa_HG
Hadza,HAD4,HAD4-A,East_Africa_HG
Hadza,HAD4,HAD4-A,East_Africa_HG
Hadza,HAD4,HAD4-A,East_Africa_HG
Hadza,HAD4,HAD4-A,East_Africa_HG
Hadza,HAD4,HAD4-A,East_Africa_HG
Hadza,HAD4,HAD4-A,East_Africa_HG
Hadza,HAD4,HAD4-A,East_Africa_HG
Hadza,HAD4,HAD4-A,East_Africa_HG
Hadza,HAD4,HAD4-A,East_Africa_HG
Hadza,HAD4,HAD4-A,East_Africa_HG
Hadza,HAD4,HAD4-A,East_Africa_HG
Hadza,HAD4,HAD4-A,East_Africa_HG
Hadza,HAD4,HAD4-A,East_Africa_HG
Hadza,HAD4,HAD4-A,East_Africa_HG
Hadza,HAD4,HAD4-A,East_Africa_HG
Hadza,HAD4,HAD4-A,East_Africa_HG
Hadza,HAD4,HAD4-A,East_Africa_HG
Hadza,HAD4,HAD4-A,East_Africa_HG
Hadza,HAD4,HAD4-A,East_Africa_HG
Hadza,HAD4,HAD4-A,East_Africa_HG
Hadza,HAD4,HAD4-A,East_Africa_HG
Hadza,HAD4,HAD4-A,East_Africa_HG
Hadza,HAD4,HAD4-A,East_Africa_HG
Hakaas,TAI1,TAI1-A,Chinese
Hakaas,TAI1,TAI1-A,Chinese
Han,NA,CHIN1-B,Chinese
Han,NA,CHIN1-B,Chinese
Han,NA,CHIN1-A,Chinese
Han,NA,CHIN1-A,Chinese
Han,NA,CHIN1-B,Chinese
Han,NA,CHIN1-B,Chinese
Han,NA,CHIN1-A,Chinese
Han,NA,CHIN1-A,Chinese
Hispanic,hs,hs,other
Hispanic,hs1,hs1,other
Hispanic Health Study,hhs,hhs,other
Ibo,NIA1,NIA1-B,West_African
India Overall,INDIA,INDIA,Indian
India Rural,INDI2,INDI2,Indian
Indian,DEL1,DEL1-B,Indian
Indian,DEL1,DEL1-B,Indian
Indian,DEL1,DEL1-B,Indian
Indian,DEL1,DEL1-B,Indian
Indian,DEL1,DEL1-B,Indian
Indian,DEL1,DEL1-B,Indian
Indian,DEL1,DEL1-B,Indian
Indian,DEL1,DEL1-B,Indian
Indian,DEL1,DEL1-B,Indian
Indian,DEL1,DEL1-B,Indian
Indian,DEL1,DEL1-B,Indian
Indian,DEL1,DEL1-B,Indian
Indian,DEL1,DEL1-B,Indian
Indian,DEL1,DEL1-B,Indian
Indian,DEL1,DEL1-B,Indian
Indian,DEL1,DEL1-B,Indian
Indian,DEL1,DEL1-A,Indian
Indian,DEL1,DEL1-A,Indian
Indian,DEL1,DEL1-A,Indian
Indian,DEL1,DEL1-A,Indian
Indian,DEL1,DEL1-A,Indian
Indian,DEL1,DEL1-A,Indian
Indian,DEL1,DEL1-A,Indian
Indian,DEL1,DEL1-A,Indian
Indian,DEL1,DEL1-A,Indian
Indian,DEL1,DEL1-A,Indian
Indian,DEL1,DEL1-A,Indian
Indian,DEL1,DEL1-A,Indian
Indian,DEL1,DEL1-A,Indian
Indian,DEL1,DEL1-A,Indian
Indian,DEL1,DEL1-A,Indian
Indian,DEL1,DEL1-A,Indian
Indian Urban,INDI3,INDI3,Indian
Inuit,INU13_KEN6,INU13,Circumpolar
Inuit,INU13_KEN6,INU13,Circumpolar
Inuit,INU13_KEN6,INU13,Circumpolar
Inuit,INU13_KEN6,INU13,Circumpolar
Inuit (intermediate western),,INU1-B,Circumpolar
Inuit (intermediate western),,INU1-B,Circumpolar
Inuit (least westernized),,INU1-A,Circumpolar
Inuit (least westernized),,INU1-A,Circumpolar
Inuit (most Westerm),,INU1-C,Circumpolar
Inuit (most Westerm),,INU1-C,Circumpolar
Inuit of Nunavik,,INN1,Circumpolar
Inuit of Nunavik,,INN1,Circumpolar
Inuit of Nunavik,,INN1,Circumpolar
Inuit of Nunavik,,INN1,Circumpolar
Inuits CANHR Female,CANHR,CANHR,Circumpolar
Inuits CANHR Males,CANHR,CANHR,Circumpolar
Inuits CANHR Overall,CANHR_a,CANHR_a,Circumpolar
Inuits WATCH study_Females,WATCH,WATCH,Circumpolar
Inuits WATCH study_Males,WATCH,WATCH,Circumpolar
Japan Amagasaki Study,JAP1,JAP1,Japanese
Japan Civil Service workers,JAP2,JAP2,Japanese
Japan Men,JAP3,JAP3,Japanese
Japan Women,JAP4,JAP4,Japanese
Japanese,JAP4,JAP4,Japanese
Japanese,JAP4,JAP4,Japanese
Jehai,MALA9,MALA9-C,Negrito
Jehai,MALA9,MALA9-C,Negrito
Jehai,MALA9,MALA9-C,Negrito
Jehai,MALA9,MALA9-C,Negrito
jos,,JOS1,West_African
Kalapalo,,KAR1-A,Amerindian
Kalapalo,,KAR1-A,Amerindian
Kalapalo,,KAR1-A,Amerindian
Kalapalo,,KAR1-A,Amerindian
Kazak,CHN13,CHN13,Central_Asian
Kazak,CHN13,CHN13,Central_Asian
Kazak,CHN13,CHN13,Central_Asian
Kazak,CHN13,CHN13,Central_Asian
Kazak,CHN4,CHN4-B,Central_Asian
Kazak,CHN5,CHN5-B,Central_Asian
Kensiu,MALA9,MALA9-D,Austroasiatic
Kensiu,MALA9,MALA9-D,Austroasiatic
Kensiu,MALA9,MALA9-D,Austroasiatic
Kensiu,MALA9,MALA9-D,Austroasiatic
Kenya Nairobi,NBO,NBO,East_African
Kenyan,INU13_KEN6,KEN6,East_African
Kenyan,INU13_KEN6,KEN6,East_African
Kenyan,INU13_KEN6,KEN6,East_African
Kenyan,INU13_KEN6,KEN6,East_African
Kenyan,,KEN2,East_African
Kinh,,VIE3,East_Asian
Kinh,,VIE3,East_Asian
Kinh,,VIE3,East_Asian
Kinh,,VIE3,East_Asian
Kitavans,,KTVN6,Austronesian
Kitavans,,KTVN6,Austronesian
Kitavans,,KTVN6,Austronesian
Kitavans,,KTVN6,Austronesian
Kitavans,,KTVN6,Austronesian
Kitavans,,KTVN6,Austronesian
Kitavans,,KTVN6,Austronesian
Kitavans,,KTVN6,Austronesian
Kitavans,,KTVN6,Austronesian
Kitavans,,KTVN6,Austronesian
Kitavans,,KTVN6,Austronesian
Kitavans,,KTVN6,Austronesian
Kitavans,,KTVN4,Austronesian
Kitavans,DUPLICATE REMOVE,KTVN3,Austronesian
Kitavans,DUPLICATE REMOVE,KTVN3,Austronesian
Kitavans,,KTVN6,Austronesian
Kitavans,,KTVN6,Austronesian
Kitavans,,KTVN6,Austronesian
Kitavans,,KTVN6,Austronesian
Kitavans,,KTVN6,Austronesian
Kitavans,,KTVN6,Austronesian
Kitavans,DUPLICATE REMOVE,KTVN3,Austronesian
Kitavans,DUPLICATE REMOVE,KTVN3,Austronesian
Kitavans,,KTVN6,Austronesian
Kitavans,,KTVN6,Austronesian
Kitavans,,KTVN6,Austronesian
Kitavans,,KTVN6,Austronesian
Kitavans,,KTVN6,Austronesian
Kitavans,,KTVN6,Austronesian
Kitavans,,KTVN6,Austronesian
Kitavans,,KTVN6,Austronesian
Kitavans,,KTVN6,Austronesian
Kitavans,,KTVN6,Austronesian
Kitavans,,KTVN6,Austronesian
Kitavans,,KTVN6,Austronesian
Kitavans,,KTVN6,Austronesian
Kitavans,,KTVN6,Austronesian
Kitavans,,KTVN6,Austronesian
Kitavans,,KTVN6,Austronesian
Kitavans,,KTVN6,Austronesian
Kitavans,,KTVN6,Austronesian
Kitavans,,KTVN2,Austronesian
Kitavans,,KTVN2,Austronesian
Kitavans,,KTVN2,Austronesian
Kitavans,,KTVN2,Austronesian
Kitavans,,KTVN5,Austronesian
Kitavans,,KTVN5,Austronesian
Kitavans,,KTVN5,Austronesian
Kitavans,,KTVN5,Austronesian
Kitavans,,KTVN5,Austronesian
Kitavans,,KTVN5,Austronesian
Kitavans,,KTVN5,Austronesian
Kitavans,,KTVN5,Austronesian
Kitavans,,KTVN5,Austronesian
Kitavans,,KTVN5,Austronesian
Kitavans,,KTVN5,Austronesian
Kitavans,,KTVN5,Austronesian
Korean,KOR1-B,KOR1-B,East_Asian
Korean,KOR1-B,KOR1-B,East_Asian
Korean,KOR1-A,KOR1-A,East_Asian
Korean,KOR1-A,KOR1-A,East_Asian
Korean,KOR1-A,KOR1-A,East_Asian
Korean,KOR1-A,KOR1-A,East_Asian
Korean,KOR1-B,KOR1-B,East_Asian
Korean,KOR1-B,KOR1-B,East_Asian
Koya,KOY1,KOY1,Indian
Koya,KOY1,KOY1,Indian
Koya,KOY1,KOY1,Indian
Koya,KOY1,KOY1,Indian
Kuikuro,,KAR1-B,Amerindian
Kuikuro,,KAR1-B,Amerindian
Kuikuro,,KAR1-B,Amerindian
Kuikuro,,KAR1-B,Amerindian
Kung! Bushmen,BAN1,BAN1-D,South_Africa_HG
Kurdish,RUS1_SOM1_KUR1,KUR1,Middle_Eastern_Ancestry
Kurdish,RUS1_SOM1_KUR1,KUR1,Middle_Eastern_Ancestry
Kurdish,RUS1_SOM1_KUR1,KUR1,Middle_Eastern_Ancestry
Kurdish,RUS1_SOM1_KUR1,KUR1,Middle_Eastern_Ancestry
Kurdish,RUS1_SOM1_KUR1,KUR1,Middle_Eastern_Ancestry
Kurdish,RUS1_SOM1_KUR1,KUR1,Middle_Eastern_Ancestry
Kurdish,RUS1_SOM1_KUR1,KUR1,Middle_Eastern_Ancestry
Kurdish,RUS1_SOM1_KUR1,KUR1,Middle_Eastern_Ancestry
Kwaio,,SOL1-D,Melanesian
Kwaio,,SOL1-D,Melanesian
LAC Pooled meta-analysis,LAC,LAC,other
Lapps,FIN1-B,FIN1-B,Uralic_Ancestry
Lapps,FIN2,FIN2-A,Uralic_Ancestry
Lapps,FIN1-B,FIN1-B,Uralic_Ancestry
Lapps,FIN1-B,FIN1-B,Uralic_Ancestry
Lapps,FIN2,FIN2-A,Uralic_Ancestry
Lapps,FIN1-B,FIN1-B,Uralic_Ancestry
Lapps,FIN2,FIN2-A,Uralic_Ancestry
Lapps,FIN1-B,FIN1-B,Uralic_Ancestry
Lapps,FIN2,FIN2-A,Uralic_Ancestry
Lapps,FIN1-B,FIN1-B,Uralic_Ancestry
Lapps,FIN2,FIN2-A,Uralic_Ancestry
Lapps,FIN1-B,FIN1-B,Uralic_Ancestry
Lapps,FIN1-B,FIN1-B,Uralic_Ancestry
Lapps,FIN2,FIN2-A,Uralic_Ancestry
Lapps,FIN1-B,FIN1-B,Uralic_Ancestry
Lapps,FIN2,FIN2-A,Uralic_Ancestry
Lapps,FIN2,FIN2-A,Uralic_Ancestry
Lapps,FIN1-B,FIN1-B,Uralic_Ancestry
Lapps,FIN2,FIN2-A,Uralic_Ancestry
Lapps,FIN1-B,FIN1-B,Uralic_Ancestry
Lapps,FIN2,FIN2-A,Uralic_Ancestry
Lapps,FIN1-B,FIN1-B,Uralic_Ancestry
Lapps,FIN2,FIN2-A,Uralic_Ancestry
Lapps,FIN1-B,FIN1-B,Uralic_Ancestry
Lapps,FIN2,FIN2-A,Uralic_Ancestry
Lapps,FIN1-B,FIN1-B,Uralic_Ancestry
Lapps,FIN1-B,FIN1-B,Uralic_Ancestry
Lapps,FIN2,FIN2-A,Uralic_Ancestry
Lapps,FIN1-B,FIN1-B,Uralic_Ancestry
Lapps,FIN1-B,FIN1-B,Uralic_Ancestry
Lapps,FIN1-B,FIN1-B,Uralic_Ancestry
Lapps,FIN1-B,FIN1-B,Uralic_Ancestry
Lapps,FIN2,FIN2-A,Uralic_Ancestry
Lapps,FIN1-B,FIN1-B,Uralic_Ancestry
Lau,,SOL1-E,Melanesian
Lau,,SOL1-E,Melanesian
Looma (1993),,LOO1,Australian_Aboriginal
Looma (1993),,LOO1,Australian_Aboriginal
Looma (1993),,LOO1,Australian_Aboriginal
Looma (1993),,LOO1,Australian_Aboriginal
Looma (1996),,LOO1,Australian_Aboriginal
Looma (1996),,LOO1,Australian_Aboriginal
Looma (1996),,LOO1,Australian_Aboriginal
Looma (1996),,LOO1,Australian_Aboriginal
Looma (1997),,LOO1,Australian_Aboriginal
Looma (1997),,LOO1,Australian_Aboriginal
Looma (1997),,LOO1,Australian_Aboriginal
Looma (1997),,LOO1,Australian_Aboriginal
Maasai,MAAS5,MAAS5,Nilote
Maasai,MAAS4,MAAS4-B,Nilote
Maasai,MAAS4,MAAS4-A,Nilote
Maasai,,MAAS3,Nilote
Maasai,,MAAS3,Nilote
Maasai,,MAAS3,Nilote
Maasai,,MAAS3,Nilote
Maasai,,MAAS3,Nilote
Maasai,,MAAS3,Nilote
Maasai,,MAAS3,Nilote
Maasai,,MAAS3,Nilote
Maasai,,MAAS3,Nilote
Malay,MALA11,MALA11,Malaysian
Malay,MALA11,MALA11,Malaysian
Malay,MALA11,MALA11,Malaysian
Malay,MALA11,MALA11,Malaysian
Malay,,MALA5,Malaysian
Malay,,MALA5,Malaysian
Malay,,MALA5,Malaysian
Malay,,MALA5,Malaysian
Malay,,MALA5,Malaysian
Malay,,MALA5,Malaysian
Malay,,MALA5,Malaysian
Malay,,MALA5,Malaysian
Malay,,MALA5,Malaysian
Marwari,MRW1,MRW1,Indian
Marwari,MRW1,MRW1,Indian
Marwari,MRW1,MRW1,Indian
Marwari,MRW1,MRW1,Indian
Marwari,MRW1,MRW1,Indian
Marwari,MRW1,MRW1,Indian
Marwari,MRW1,MRW1,Indian
Marwari,MRW1,MRW1,Indian
Marwari,MRW1,MRW1,Indian
Marwari,MRW1,MRW1,Indian
Masai,NA,TAN1-A,Nilote
Matipu,,KAR1-C,SA_Indegenous
Matipu,,KAR1-C,SA_Indegenous
Matipu,,KAR1-C,SA_Indegenous
Matipu,,KAR1-C,SA_Indegenous
Maya,GUA1,GUA1-A,SA_Indegenous
Maya,GUA1,GUA1-A,SA_Indegenous
Maya,GUA1,GUA1-A,SA_Indegenous
Maya,GUA1,GUA1-A,SA_Indegenous
Maya,GUA1,GUA1-A,SA_Indegenous
Maya,GUA1,GUA1-A,SA_Indegenous
Maya,GUA1,GUA1-A,SA_Indegenous
Maya,GUA1,GUA1-A,SA_Indegenous
Melanesian,MEl1,MEL1-A,Melanesian
Melanesian,MEl1,MEL1-A,Melanesian
Melanesian,MEl1,MEL1-A,Melanesian
Melanesian,MEl1,MEL1-A,Melanesian
Melanesian,MEl1,MEL1-A,Melanesian
Melanesian,MEl1,MEL1-A,Melanesian
Melanesian,MEl1,MEL1-A,Melanesian
Melanesian,MEl1,MEL1-A,Melanesian
Melanesian,MEl1,MEL1-A,Melanesian
Melanesian,MEl1,MEL1-A,Melanesian
Melanesian,MEl1,MEL1-A,Melanesian
Melanesian,MEl1,MEL1-A,Melanesian
Melanesian,MEl1,MEL1-B,Melanesian
Melanesian,MEl1,MEL1-B,Melanesian
Melanesian,MEl1,MEL1-B,Melanesian
Melanesian,MEl1,MEL1-B,Melanesian
Melanesian,MEl1,MEL1-B,Melanesian
Melanesian,MEl1,MEL1-B,Melanesian
Melanesian,MEl1,MEL1-B,Melanesian
Melanesian,MEl1,MEL1-B,Melanesian
Melanesian,MEl1,MEL1-B,Melanesian
Melanesian,MEl1,MEL1-B,Melanesian
Melanesian,MEl1,MEL1-B,Melanesian
Melanesian,MEl1,MEL1-B,Melanesian
Melanesian,MEl1,MEL1-A,Melanesian
Melanesian,MEl1,MEL1-A,Melanesian
Melanesian,MEl1,MEL1-A,Melanesian
Melanesian,MEl1,MEL1-A,Melanesian
Melanesian,MEl1,MEL1-A,Melanesian
Melanesian,MEl1,MEL1-A,Melanesian
Melanesian,MEl1,MEL1-A,Melanesian
Melanesian,MEl1,MEL1-A,Melanesian
Melanesian,MEl1,MEL1-A,Melanesian
Melanesian,MEl1,MEL1-A,Melanesian
Melanesian,MEl1,MEL1-A,Melanesian
Melanesian,MEl1,MEL1-A,Melanesian
Melanesian,MEl1,MEL1-B,Melanesian
Melanesian,MEl1,MEL1-B,Melanesian
Melanesian,MEl1,MEL1-B,Melanesian
Melanesian,MEl1,MEL1-B,Melanesian
Melanesian,MEl1,MEL1-B,Melanesian
Melanesian,MEl1,MEL1-B,Melanesian
Melanesian,MEl1,MEL1-B,Melanesian
Melanesian,MEl1,MEL1-B,Melanesian
Melanesian,MEl1,MEL1-B,Melanesian
Melanesian,MEl1,MEL1-B,Melanesian
Melanesian,MEl1,MEL1-B,Melanesian
Melanesian,MEl1,MEL1-B,Melanesian
Mexican,NA,MEX2-A,Mexican
Mexican,MEX2,MEX2,Mexican_indegenous_communities
Mexican,MEX2,MEX2,Mexican_indegenous_communities
Mexican,MEX2,MEX2,Mexican_indegenous_communities
Mexican,MEX2,MEX2,Mexican_indegenous_communities
Mexico 2001,MEX1,MEX1,other
Mexico 2016,MEX2,MEX2,other
Moslem,NIA1,NIA1-A,West_African
N. Bedouins,ISR1,ISR1-A,Middle_Eastern_Ancestry
N. Bedouins,ISR1,ISR1-A,Middle_Eastern_Ancestry
N. Bedouins,ISR1,ISR1-A,Middle_Eastern_Ancestry
N. Bedouins,ISR1,ISR1-A,Middle_Eastern_Ancestry
N. Bedouins,ISR1,ISR1-A,Middle_Eastern_Ancestry
N. Bedouins,ISR1,ISR1-A,Middle_Eastern_Ancestry
N. Bedouins,ISR1,ISR1-A,Middle_Eastern_Ancestry
N. Bedouins,ISR1,ISR1-A,Middle_Eastern_Ancestry
N. Europeans,ISR1,ISR1-F,Northern_European
N. Europeans,ISR1,ISR1-F,Northern_European
N. Europeans,ISR1,ISR1-F,Northern_European
N. Europeans,ISR1,ISR1-F,Northern_European
N. Europeans,ISR1,ISR1-F,Northern_European
N. Europeans,ISR1,ISR1-F,Northern_European
N. Europeans,ISR1,ISR1-F,Northern_European
N. Europeans,ISR1,ISR1-F,Northern_European
N. semirecent Yemenites,ISR1,ISR1,Yemenites
N. semirecent Yemenites,ISR1,ISR1,Yemenites
N. semirecent Yemenites,ISR1,ISR1,Yemenites
N. semirecent Yemenites,ISR1,ISR1,Yemenites
N. semirecent Yemenites,ISR1,ISR1,Yemenites
N. semirecent Yemenites,ISR1,ISR1,Yemenites
Nagovisi,,SOL1-B,Melanesian
Nagovisi,,SOL1-B,Melanesian
Nahukwa,,KAR1-D,SA_Indegenous
Nahukwa,,KAR1-D,SA_Indegenous
Nahukwa,,KAR1-D,SA_Indegenous
Nahukwa,,KAR1-D,SA_Indegenous
Namibian,,NAM1,South_African
Nangapandans (Helminth infected),,NAN1-A,Austronesian
Nangapandans (not infected),,NAN1-B,Austronesian
Nasioi,,SOL1-A,Melanesian
Nasioi,,SOL1-A,Melanesian
New Guinea Laborers,AUS2,AUS2-A,Australians
New Guinea Natives,AUS3,AUS3,Melanesian
Nganasan,SIB1,NGA1,Siberian
Nganasan,SIB1,NGA1,Siberian
Nganasan,SIB1,NGA1,Siberian
Nganasan,SIB1,NGA1,Siberian
NHANES III,NHANES,NHANES,NHANES
ni-Vanuatu,PAC3,PAC3-B,Melanesian
ni-Vanuatu,PAC3,PAC3-B,Melanesian
ni-Vanuatu,PAC3,PAC3-B,Melanesian
ni-Vanuatu,PAC3,PAC3-B,Melanesian
ni-Vanuatu,PAC3,PAC3-C,Melanesian
ni-Vanuatu,PAC3,PAC3-C,Melanesian
ni-Vanuatu,PAC3,PAC3-C,Melanesian
ni-Vanuatu,PAC3,PAC3-C,Melanesian
ni-Vanuatu,PAC3,PAC3-A,Melanesian
ni-Vanuatu,PAC3,PAC3-A,Melanesian
ni-Vanuatu,PAC3,PAC3-A,Melanesian
ni-Vanuatu,PAC3,PAC3-A,Melanesian
Nigeria Urban,NIG5,NIG5,West_African
Nigerian,,NIG3,West_African
Nigerian,,NIG3,West_African
Nigerian,,NIG3,West_African
Nigerian,,NIG3,West_African
Nigerian,,NIG3,West_African
Nigerian,,NIG3,West_African
Nigerian,,NIG3,West_African
Nigerian,,NIG3,West_African
Nigerian,,NIG3,West_African
Nigerian,,NIG3,West_African
Nigerian,,NIG3,West_African
Nigerian,,NIG3,West_African
Nigerian,,NIG3,West_African
Nigerian,,NIG3,West_African
Nigerian,,NIG3,West_African
Nigerian,,NIG3,West_African
Nigerian,,NIG3,West_African
Nigerian,,NIG3,West_African
Nigerian,,NIG3,West_African
Nigerian,,NIG3,West_African
Nigerian,,NIG3,West_African
Nigerian,,NIG3,West_African
Nigerian,,NIG3,West_African
Nigerian,,NIG3,West_African
Nigerian,,NIG3,West_African
Nigerian,,NIG3,West_African
Nigerian,,NIG3,West_African
Nigerian,,NIG3,West_African
Nigerian,,NIG3,West_African
Nigerian,,NIG3,West_African
Nigerian,,NIG3,West_African
Nigerian,,NIG3,West_African
Nigerian,,NIG3,West_African
Nigerian,,NIG3,West_African
Nigerian,,NIG3,West_African
Nigerian,,NIG3,West_African
Nigerian,,NIG3,West_African
Nigerian,,NIG3,West_African
Nigerian,,NIG3,West_African
Nigerian,,NIG3,West_African
Nigerian,,NIG3,West_African
Nigerian,,NIG3,West_African
Nigerian,,NIG3,West_African
Nigerian,,NIG3,West_African
Nigerian,,NIG3,West_African
Nigerian,,NIG3,West_African
Nigerian,,NIG3,West_African
Nigerian,,NIG3,West_African
Nigerian,,NIG3,West_African
Nigerian,,NIG3,West_African
Nigerian,,NIG3,West_African
Nigerian,,NIG3,West_African
Nigerian,,NIG3,West_African
Nigerian,,NIG3,West_African
Nigerian,,NIG3,West_African
Nigerian,,NIG3,West_African
Nigerian,,NIG3,West_African
Nigerian,,NIG3,West_African
Nigerian,,NIG3,West_African
Nigerian,,NIG3,West_African
Nigerian,,NIG3,West_African
Nigerian,,NIG3,West_African
Nigerian,,NIG3,West_African
Nigerian,,NIG3,West_African
Nigerian,NIA1,NIA1-C,West_African
Non Hispanic Black,NMA,NMA,other
Non Hispanic White,NMA,NMA,other
Nunavik Inuit,INU7,INU7,Circumpolar
Nunavik Inuit,INU7,INU7,Circumpolar
Nunavik Inuit,INU7,INU7,Circumpolar
Nunavik Inuit,INU7,INU7,Circumpolar
Oklahoma American Indians,AIN4,AIN4-B,American_Indian
Oklahoma American Indians,AIN4,AIN4-B,American_Indian
Oklahoma American Indians,AIN4,AIN4-B,American_Indian
Oklahoma American Indians,AIN4,AIN4-B,American_Indian
Papua New Guinea Highlanders,PNG7,PNG7,Austronesian
Papua New Guinea Highlanders,PNG7,PNG7,Austronesian
Parkatêjê Indians,,PAR1,SA_Indegenous
Parkatêjê Indians,,PAR1,SA_Indegenous
Parkatêjê Indians,,PAR1,SA_Indegenous
Parkatêjê Indians,,PAR1,SA_Indegenous
Pascua Yaqui,PAS1,PAS1,Native_American
Pascua Yaqui,PAS1,PAS1,Native_American
Pascua Yaqui,PAS1,PAS1,Native_American
Pascua Yaqui,PAS1,PAS1,Native_American
Pehuenche,CHIL2-A,CHIL2-A,SA_Indegenous
Pehuenche,CHIL2-A,CHIL2-A,SA_Indegenous
Peruvian,PER1,PER1-B,Peruvian
Peruvian,PER1,PER1-A,Peruvian
Peruvian,PER1,PER1-C,Peruvian
Pima,,PIM2,Native_American
Pima,,PIM2,Native_American
Pima,,PIM2,Native_American
Pima,,PIM2,Native_American
Pima,,PIM1,Native_American
Pima,,PIM1,Native_American
Pima,,PIM1,Native_American
Pima,,PIM1,Native_American
Point Hope Eskimos,,POI,Circumpolar
Point Hope Eskimos,,POI,Circumpolar
Point Hope Eskimos,,POI,Circumpolar
Point Hope Eskimos,,POI,Circumpolar
Puerto Rican,PRC1,PRC1-B,Puerto_Rican
Puerto Rican,PRC1,PRC1-B,Puerto_Rican
Puerto Rican,PRC1,PRC1-B,Puerto_Rican
Puerto Rican,PRC1,PRC1-B,Puerto_Rican
Puerto Rican,PRC1,PRC1-A,Puerto_Rican
Puerto Rican,PRC1,PRC1-A,Puerto_Rican
Puerto Rican,PRC1,PRC1-A,Puerto_Rican
Puerto Rican,PRC1,PRC1-A,Puerto_Rican
Pukapuka,,PUK1,Polynesian_Ancestry
Pukapuka,,PUK1,Polynesian_Ancestry
Pukapuka,,PUK1,Polynesian_Ancestry
Pukapuka,,PUK1,Polynesian_Ancestry
Pukapuka,,PUK1,Polynesian_Ancestry
Pukapuka,,PUK1,Polynesian_Ancestry
Pukapuka,,PUK1,Polynesian_Ancestry
Pukapuka,,PUK1,Polynesian_Ancestry
Pukapuka,,PUK1,Polynesian_Ancestry
Pukapuka,,PUK1,Polynesian_Ancestry
Pukapuka,,PUK1,Polynesian_Ancestry
Pukapuka,,PUK1,Polynesian_Ancestry
Rendille,,REN1,Cushite
Rendille,,REN1,Cushite
Rendille,,REN1,Cushite
Rendille,,REN1,Cushite
Rendille,,REN1,Cushite
Rendille,,REN1,Cushite
Rural Ashanti,GHA9-B,GHA9,West_African
Rural Ashanti,GHA9-B,GHA10,West_African
Rural Chinese,,CAN1,Chinese
Rural Chinese,,CAN1,Chinese
Rural Chinese,,CAN1,Chinese
Rural Chinese,,CAN1,Chinese
Rural Chinese,,CAN1,Chinese
Rural Chinese,,CAN1,Chinese
Rural Chinese,,CAN1,Chinese
Rural Chinese,,CAN1,Chinese
Rural Chinese,,CAN1,Chinese
Rural Melanesian people,NA,MEL2-B,Melanesian
Rural Melanesian people,NA,MEL2-B,Melanesian
Russia Higher,RUS1,RUS1,Russian
Russia primary education,RUS2,RUS2,Russian
Russia Rural Men,RUS3,RUS3,Russian
Russia Rural Women,RUS4,RUS4,Russian
Russia Secondary,RUS5,RUS5,Russian
Russia Urban Men,RUS6,RUS6,Russian
Russia Urban Total,RUS7,RUS7,Russian
Russian,RUS1_SOM1_KUR1,RUS1,Russian
Russian,RUS1_SOM1_KUR1,RUS1,Russian
Russian,RUS1_SOM1_KUR1,RUS1,Russian
Russian,RUS1_SOM1_KUR1,RUS1,Russian
Russian Rural Total,RUS8,RUS8,Russian
Russian Urban Women,RUS9,RUS9,Russian
Samburu,,SMU1,Samburu
Samburu,,SMU1,Samburu
Samburu,,SMU1,Samburu
Samburu,,SMU1,Samburu
Samburu,,SMU1,Samburu
Samburu,,SMU1,Samburu
Sami,SMI3,SMI3,Uralic_Ancestry
Sami,SMI3,SMI3,Uralic_Ancestry
Sami,SMI3,SMI3,Uralic_Ancestry
Sami,SMI3,SMI3,Uralic_Ancestry
Sami (Non-reindeer herding),NA,SMI1B,Uralic_Ancestry
Sami (Non-reindeer herding),NA,SMI1B,Uralic_Ancestry
Sami (Non-reindeer herding),NA,SMI1B,Uralic_Ancestry
Sami (Non-reindeer herding),NA,SMI1B,Uralic_Ancestry
Sami (Reindeer herding),NA,SMI1A,Uralic_Ancestry
Sami (Reindeer herding),NA,SMI1A,Uralic_Ancestry
Sami (Reindeer herding),NA,SMI1A,Uralic_Ancestry
Sami (Reindeer herding),NA,SMI1A,Uralic_Ancestry
Samoan Female,SAM1,SAM1,SAMOAN
Samoan Male,SAM2,SAM2,SAMOAN
SANTORINI high risk,SANTO_cvd,SANTO_cvd,EUROPEAN
SANTORINI STUDY overall,SANTO,SANTO,EUROPEAN
SANTORINI very high risk,SANTO_CVD2,SANTO_CVD2,EUROPEAN
Saudi Arabia,SAU,SAU,Saudi
SD/ND American Indians,AIN4,AIN4-C,American_Indian
SD/ND American Indians,AIN4,AIN4-C,American_Indian
SD/ND American Indians,AIN4,AIN4-C,American_Indian
SD/ND American Indians,AIN4,AIN4-C,American_Indian
Shaur,,SHA1-B,SA_Indegenous
Shaur,,SHA1-B,SA_Indegenous
Shaur,,SHA1-B,SA_Indegenous
Shaur,,SHA1-B,SA_Indegenous
Shaur,,SHA1-A,SA_Indegenous
Shaur,,SHA1-A,SA_Indegenous
Shaur,,SHA1-A,SA_Indegenous
Shaur,,SHA1-A,SA_Indegenous
Shuar,,SHU1-A,SA_Indegenous
Shuar,,SHU1-B,SA_Indegenous
Shuar Rural Men,SHR1,SHR1,SA_Indegenous
Shuar Rural Women,SHR1,SHR1,SA_Indegenous
Shuar Urban Men,SHR1,SHR1,SA_Indegenous
Shuar Urban Women,SHR1,SHR1,SA_Indegenous
Singapore NHS92,Singa,Singa,other
Somali,RUS1_SOM1_KUR1,SOM1,SA_Indegenous
Somali,RUS1_SOM1_KUR1,SOM1,SA_Indegenous
Somali,RUS1_SOM1_KUR1,SOM1,SA_Indegenous
Somali,RUS1_SOM1_KUR1,SOM1,SA_Indegenous
Somali,RUS1_SOM1_KUR1,SOM1,SA_Indegenous
Somali,RUS1_SOM1_KUR1,SOM1,SA_Indegenous
South Indian,SID1,SID1-A,SA_Indegenous
South Indian,SID1,SID1-B,SA_Indegenous
South Korea Men,SK,SK,other
South Korea Women,SK,SK,other
South Western Uganda,SWU1,SWU1,Bantu
South Western Uganda,SWU1,SWU1,Bantu
South Western Uganda,SWU1,SWU1,Bantu
South Western Uganda,SWU1,SWU1,Bantu
South Western Uganda,SWU1,SWU1,Bantu
South Western Uganda,SWU1,SWU1,Bantu
South Western Uganda,SWU1,SWU1,Bantu
South Western Uganda,SWU1,SWU1,Bantu
South Western Uganda,SWU1,SWU1,Bantu
South Western Uganda,SWU1,SWU1,Bantu
South Western Uganda,SWU1,SWU1,Bantu
South Western Uganda,SWU1,SWU1,Bantu
South Western Uganda,SWU1,SWU1,Bantu
South Western Uganda,SWU1,SWU1,Bantu
South Western Uganda,SWU1,SWU1,Bantu
South Western Uganda,SWU1,SWU1,Bantu
South Western Uganda,SWU1,SWU1,Bantu
South Western Uganda,SWU1,SWU1,Bantu
South Western Uganda,SWU1,SWU1,Bantu
South Western Uganda,SWU1,SWU1,Bantu
South Western Uganda,SWU1,SWU1,Bantu
South Western Uganda,SWU1,SWU1,Bantu
South Western Uganda,SWU1,SWU1,Bantu
South Western Uganda,SWU1,SWU1,Bantu
South Western Uganda,SWU1,SWU1,Bantu
South Western Uganda,SWU1,SWU1,Bantu
South Western Uganda,SWU1,SWU1,Bantu
South Western Uganda,SWU1,SWU1,Bantu
South Western Uganda,SWU1,SWU1,Bantu
South Western Uganda,SWU1,SWU1,Bantu
South Western Uganda,SWU1,SWU1,Bantu
South Western Uganda,SWU1,SWU1,Bantu
South Western Uganda,SWU1,SWU1,Bantu
South Western Uganda,SWU1,SWU1,Bantu
South Western Uganda,SWU1,SWU1,Bantu
South Western Uganda,SWU1,SWU1,Bantu
South Western Uganda,SWU1,SWU1,Bantu
South Western Uganda,SWU1,SWU1,Bantu
South Western Uganda,SWU1,SWU1,Bantu
South Western Uganda,SWU1,SWU1,Bantu
South Western Uganda,SWU1,SWU1,Bantu
South Western Uganda,SWU1,SWU1,Bantu
South Western Uganda,SWU1,SWU1,Bantu
South Western Uganda,SWU1,SWU1,Bantu
South Western Uganda,SWU1,SWU1,Bantu
South Western Uganda,SWU1,SWU1,Bantu
South Western Uganda,SWU1,SWU1,Bantu
South Western Uganda,SWU1,SWU1,Bantu
South Western Uganda,SWU1,SWU1,Bantu
South Western Uganda,SWU1,SWU1,Bantu
South Western Uganda,SWU1,SWU1,Bantu
South Western Uganda,SWU1,SWU1,Bantu
South Western Uganda,SWU1,SWU1,Bantu
South Western Uganda,SWU1,SWU1,Bantu
South Western Uganda,SWU1,SWU1,Bantu
South Western Uganda,SWU1,SWU1,Bantu
South Western Uganda,SWU1,SWU1,Bantu
South Western Uganda,SWU1,SWU1,Bantu
South Western Uganda,SWU1,SWU1,Bantu
South Western Uganda,SWU1,SWU1,Bantu
South Western Uganda,SWU1,SWU1,Bantu
South Western Uganda,SWU1,SWU1,Bantu
South Western Uganda,SWU1,SWU1,Bantu
South Western Uganda,SWU1,SWU1,Bantu
South Western Uganda,SWU1,SWU1,Bantu
South Western Uganda,SWU1,SWU1,Bantu
South Western Uganda,SWU1,SWU1,Bantu
South Western Uganda,SWU1,SWU1,Bantu
South Western Uganda,SWU1,SWU1,Bantu
South Western Uganda,SWU1,SWU1,Bantu
South Western Uganda,SWU1,SWU1,Bantu
South Western Uganda,SWU1,SWU1,Bantu
South Western Uganda,SWU1,SWU1,Bantu
South Western Uganda,SWU1,SWU1,Bantu
South Western Uganda,SWU1,SWU1,Bantu
South Western Uganda,SWU1,SWU1,Bantu
South Western Uganda,SWU1,SWU1,Bantu
South Western Uganda,SWU1,SWU1,Bantu
South Western Uganda,SWU1,SWU1,Bantu
South Western Uganda,SWU1,SWU1,Bantu
South Western Uganda,SWU1,SWU1,Bantu
South Western Uganda,SWU1,SWU1,Bantu
South Western Uganda,SWU1,SWU1,Bantu
South Western Uganda,SWU1,SWU1,Bantu
South Western Uganda,SWU1,SWU1,Bantu
South Western Uganda,SWU1,SWU1,Bantu
South Western Uganda,SWU1,SWU1,Bantu
South Western Uganda,SWU1,SWU1,Bantu
South Western Uganda,SWU1,SWU1,Bantu
South Western Uganda,SWU1,SWU1,Bantu
South Western Uganda,SWU1,SWU1,Bantu
South Western Uganda,SWU1,SWU1,Bantu
South Western Uganda,SWU1,SWU1,Bantu
South Western Uganda,SWU1,SWU1,Bantu
South Western Uganda,SWU1,SWU1,Bantu
South Western Uganda,SWU1,SWU1,Bantu
South Western Uganda,SWU1,SWU1,Bantu
South Western Uganda,SWU1,SWU1,Bantu
South Western Uganda,SWU1,SWU1,Bantu
South Western Uganda,SWU1,SWU1,Bantu
Spain,SPA,SPA,EUROPEAN
Taiwanese aborigines,TAI1,TAI1-C,Taiwanese
Taiwanese aborigines,TAI1,TAI1-C,Taiwanese
Tanzanian,TAN7,TAN7-B,East_African
Tanzanian,TAN7,TAN7-B,East_African
Tanzanian,TAN7,TAN7-A,East_African
Tanzanian,TAN7,TAN7-A,East_African
Tarahumara,TARA2,TARA2,Native_American
Tarahumara Indians,,TARA1,Native_American
Tarahumara Indians,,TARA1,Native_American
Tarahumara Indians,,TARA1,Native_American
Tarahumara Indians,,TARA1,Native_American
Tarahumara Indians,,TARA1,Native_American
Tarahumara Indians,,TARA1,Native_American
Tarahumara Indians,,TARA1,Native_American
Tarahumara Indians,,TARA1,Native_American
Tarahumara Indians,,TARA1,Native_American
Tarahumara Indians,,TARA1,Native_American
Tarahumara Indians,,TARA1,Native_American
Tarahumara Indians,,TARA1,Native_American
Tarahumara Indians,,TARA1,Native_American
Tarahumara Indians,,TARA1,Native_American
Tarahumara Indians,,TARA1,Native_American
Tarahumara Indians,,TARA1,Native_American
Temuan,MALA9,MALA9-B,Austroasiatic
Temuan,MALA9,MALA9-B,Austroasiatic
Temuan,MALA9,MALA9-B,Austroasiatic
Temuan,MALA9,MALA9-B,Austroasiatic
Thailand INTERASIA,THAI,THAI,other
Tibet Female,TBT1F,TBT1F,Tibet
Tibet Male,TBT1M,TBT1M,Tibet
Tibetian,TBT1,TBT1,Tibet
Tiwi,AUA15,AUA15,Australian_Aboriginal
Tiwi,AUA15,AUA15,Australian_Aboriginal
Tokelau,TOK7,TOK7-B,Polynesian_Ancestry
Tokelau,TOK7,TOK7-B,Polynesian_Ancestry
Tokelau,TOK7,TOK7-B,Polynesian_Ancestry
Tokelau,TOK7,TOK7-B,Polynesian_Ancestry
Tokelau,TOK7,TOK7-A,Polynesian_Ancestry
Tokelau,TOK7,TOK7-A,Polynesian_Ancestry
Tokelau,TOK7,TOK7-A,Polynesian_Ancestry
Tokelau,TOK7,TOK7-A,Polynesian_Ancestry
Tokelau 1968,TOK2,TOK2,Polynesian_Ancestry
Tokelau 1968,TOK2,TOK2,Polynesian_Ancestry
Tokelau 1968,TOK2,TOK2,Polynesian_Ancestry
Tokelau 1968,TOK2,TOK2,Polynesian_Ancestry
Tokelau 1968,TOK2,TOK2,Polynesian_Ancestry
Tokelau 1968,TOK2,TOK2,Polynesian_Ancestry
Tokelau 1968,TOK2,TOK2,Polynesian_Ancestry
Tokelau 1968,TOK2,TOK2,Polynesian_Ancestry
Tokelau 1968,TOK2,TOK2,Polynesian_Ancestry
Tokelau 1968,TOK2,TOK2,Polynesian_Ancestry
Tokelau 1968,TOK2,TOK2,Polynesian_Ancestry
Tokelau 1968,TOK2,TOK2,Polynesian_Ancestry
Trinidadians,TRN1,TRN1,Trinidadians
Trinidadians,TRN1,TRN1,Trinidadians
Tsimane,,TSI2,Amerindian
Tsimane,TSI7,TSI7,Amerindian
Tsimane,,TSI2,Amerindian
Tsimane,,TSI2,Amerindian
Tsimane,,TSI2,Amerindian
Tsimane,,TSI1,Amerindian
Tsimane,,TSI1,Amerindian
Tsimane,,TSI1,Amerindian
Tsimane,,TSI1,Amerindian
Tsimane,,TSI1,Amerindian
Tsimane,,TSI1,Amerindian
Tsimane,,TSI1,Amerindian
Tsimane,,TSI1,Amerindian
Tsimane,,TSI1,Amerindian
Tsimane,,TSI1,Amerindian
Tsimane,,TSI1,Amerindian
Tsimane,,TSI1,Amerindian
Tsimane,,TSI1,Amerindian
Tsimane,,TSI1,Amerindian
Tsimane,,TSI1,Amerindian
Tsimane,,TSI1,Amerindian
Tsimane,,TSI1,Amerindian
Tsimane,,TSI1,Amerindian
Tsimane,,TSI1,Amerindian
Tsimane,,TSI1,Amerindian
Tsimane,,TSI1,Amerindian
Tsimane,,TSI1,Amerindian
Tsimane,,TSI1,Amerindian
Tsimane,,TSI1,Amerindian
Tsimane,,TSI1,Amerindian
Tsimane,TSI1,TSI1,Amerindian
Tupinikin,BRA2-A,BRA2-A,SA_Indegenous
Turkana,,TUR1,Nilote
Turkana,,TUR1,Nilote
Turkana,,TUR1,Nilote
Turkana,,TUR1,Nilote
TURKANA_pastoralist,TURKANA_pastoralist,TURKANA_pastoralist,TURKANA_pastoralist
Turks,TRK2,TRK2,Middle_Eastern_Ancestry
Turks,TRK2,TRK2,Middle_Eastern_Ancestry
Turks,TRK2,TRK2,Middle_Eastern_Ancestry
Turks,TRK2,TRK2,Middle_Eastern_Ancestry
Turks,TRK2,TRK2,Middle_Eastern_Ancestry
Turks,TRK2,TRK2,Middle_Eastern_Ancestry
Turks,TRK2,TRK2,Middle_Eastern_Ancestry
Turks,TRK2,TRK2,Middle_Eastern_Ancestry
UK Biobank - Healthy,UK_B,UK_B,EUROPEAN
UK Biobank - With CVD,cvd_UK,cvd_UK,EUROPEAN
Urban Ashanti,GHA9-A,GHA11,West_African
Urban Ashanti,GHA9-A,GHA12,West_African
Urban Melanesian people,NA,MEL2-A,Melanesian
Urban Melanesian people,NA,MEL2-A,Melanesian
Urban/Rural Mura (no hypertension),NA,MUR1-A,SA_Indegenous
US South Asian,USSA,USSA,other
Uygur,CHN4,CHN4-A,Chinese
Uygur,CHN5,CHN5-A,Chinese
Wabag Natives,,WABA1,Ocenian
Wabag Natives,,WABA1,Ocenian
Wabag Natives,,WABA1,Ocenian
Wabag Natives,,WABA1,Ocenian
Wabag Natives,,WABA1,Ocenian
Wabag Natives,,WABA1,Ocenian
Wabag Natives,,WABA1,Ocenian
Wainwright Eskimos,,WAI,Circumpolar
Wainwright Eskimos,,WAI,Circumpolar
Wainwright Eskimos,,WAI,Circumpolar
Wainwright Eskimos,,WAI,Circumpolar
Wallisian,WAL1,WAL1,Polynesian_Ancestry
Wallisian,WAL1,WAL1,Polynesian_Ancestry
Wallisian,WAL1,WAL1,Polynesian_Ancestry
Wallisian,WAL1,WAL1,Polynesian_Ancestry
Wallisian,WAL1,WAL1,Polynesian_Ancestry
Wallisian,WAL1,WAL1,Polynesian_Ancestry
Wallisian,WAL1,WAL1,Polynesian_Ancestry
Wallisian,WAL1,WAL1,Polynesian_Ancestry
Wallisian,WAL1,WAL1,Polynesian_Ancestry
Wallisian,WAL1,WAL1,Polynesian_Ancestry
Wallisian,WAL1,WAL1,Polynesian_Ancestry
Wallisian,WAL1,WAL1,Polynesian_Ancestry
Wallisian,WAL1,WAL1,Polynesian_Ancestry
Wallisian,WAL1,WAL1,Polynesian_Ancestry
Wallisian,WAL1,WAL1,Polynesian_Ancestry
Wallisian,WAL1,WAL1,Polynesian_Ancestry
Wallisian,WAL1,WAL1,Polynesian_Ancestry
Wallisian,WAL1,WAL1,Polynesian_Ancestry
Wallisian,WAL1,WAL1,Polynesian_Ancestry
Wallisian,WAL1,WAL1,Polynesian_Ancestry
Wallisian,WAL1,WAL1,Polynesian_Ancestry
Wallisian,WAL1,WAL1,Polynesian_Ancestry
Wallisian,WAL1,WAL1,Polynesian_Ancestry
Wallisian,WAL1,WAL1,Polynesian_Ancestry
Wallisian,WAL1,WAL1,Polynesian_Ancestry
Wallisian,WAL1,WAL1,Polynesian_Ancestry
Wallisian,WAL1,WAL1,Polynesian_Ancestry
Wallisian,WAL1,WAL1,Polynesian_Ancestry
Wallisian,WAL1,WAL1,Polynesian_Ancestry
Wallisian,WAL1,WAL1,Polynesian_Ancestry
Wallisian,WAL1,WAL1,Polynesian_Ancestry
Wallisian,WAL1,WAL1,Polynesian_Ancestry
Wallisian,WAL1,WAL1,Polynesian_Ancestry
Wallisian,WAL1,WAL1,Polynesian_Ancestry
Wallisian,WAL1,WAL1,Polynesian_Ancestry
Wallisian,WAL1,WAL1,Polynesian_Ancestry
Wallisian,WAL1,WAL1,Polynesian_Ancestry
Wallisian,WAL1,WAL1,Polynesian_Ancestry
Wallisian,WAL1,WAL1,Polynesian_Ancestry
Wallisian,WAL1,WAL1,Polynesian_Ancestry
Wallisian,WAL1,WAL1,Polynesian_Ancestry
Wallisian,WAL1,WAL1,Polynesian_Ancestry
Wallisian,WAL1,WAL1,Polynesian_Ancestry
Wallisian,WAL1,WAL1,Polynesian_Ancestry
Wallisian,WAL1,WAL1,Polynesian_Ancestry
Wallisian,WAL1,WAL1,Polynesian_Ancestry
Wallisian,WAL1,WAL1,Polynesian_Ancestry
Wallisian,WAL1,WAL1,Polynesian_Ancestry
White,Naw,Naw,other
Xavante,XAV6,XAV6,SA_Indegenous
Xavante,XAV6,XAV6,SA_Indegenous
Xavante,XAV6,XAV6,SA_Indegenous
Xavante,XAV6,XAV6,SA_Indegenous
Yakut,SIB1,YAK2,Siberian
Yakut,SIB1,YAK2,Siberian
Yakut,SIB1,YAK2,Siberian
Yakut,SIB1,YAK2,Siberian
Yakut,SIB1,YAK2,Siberian
Yakut,ESK8,ESK8,Siberian
Yakut,ESK8,ESK8,Siberian
Yakut,ESK8,ESK8,Siberian
Yakut,ESK8,ESK8,Siberian
Yakut (rural),YAK1-A,YAK1-A,Siberian
Yakut (rural),YAK1-A,YAK1-A,Siberian
Yakut (urban),YAK1-B,YAK1-B,Siberian
Yakut (urban),YAK1-B,YAK1-B,Siberian
Yanomamo,,YAN2,SA_Indegenous
Yanomamo,,YAN2,SA_Indegenous
Yanomamo,,YAN2,SA_Indegenous
Yanomamo,,YAN2,SA_Indegenous
Yup'ik,YUP1,YUP1,Circumpolar
Yup'ik,YUP1,YUP1,Circumpolar
Yup'ik,YUP1,YUP1,Circumpolar
Yup'ik,YUP1,YUP1,Circumpolar
Zulu,ZUL1,ZUL1,Bantu
Zulu,ZUL1,ZUL1,Bantu
Zulu,ZUL1,ZUL1,Bantu
Zulu,ZUL1,ZUL1,Bantu
,,,
,,,
,,,
,,,
,,,
,,,
,,,
,,,
,,,
,,,
,,,
,,,
,,,
,,,
,,,
,,,
,,,
,,,
,,,
,,,
,,,
,,,
,,,
,,,
,,,
,,,
,,,
,,,
,,,
,,,
,,,
,,,
,,,
,,,
,,,
,,,
,,,
,,,
,,,
,,,
,,,
,,,
,,,
,,,
,,,
,,,
,,,
,,,
,,,
,,,
,,,
,,,
,,,
,,,
,,,
,,,
,,,
,,,
,,,
,,,
,,,
,,,
,,,
,,,
,,,
,,,
,,,
,,,
,,,
,,,
,,,
,,,
,,,
,,,
,,,
,,,
,,,
,,,
,,,
,,,
,,,
,,,
,,,
,,,
,,,
,,,